time_ms,phase,raw,ac,rect,envelope
5,RELAX1,62,0,0,0.00
10,RELAX1,39,0,0,0.00
15,RELAX1,28,0,0,0.00
20,RELAX1,42,0,0,0.00
25,RELAX1,64,0,0,0.00
30,RELAX1,32,0,0,0.00
35,RELAX1,34,0,0,0.00
40,RELAX1,37,0,0,0.00
45,RELAX1,55,0,0,0.00
50,RELAX1,35,0,0,0.00
55,RELAX1,27,0,0,0.00
60,RELAX1,48,0,0,0.00
65,RELAX1,58,0,0,0.00
70,RELAX1,36,0,0,0.00
75,RELAX1,28,0,0,0.00
80,RELAX1,41,0,0,0.00
86,RELAX1,60,0,0,0.00
91,RELAX1,28,0,0,0.00
96,RELAX1,36,0,0,0.00
101,RELAX1,34,0,0,0.00
106,RELAX1,61,0,0,0.00
111,RELAX1,31,0,0,0.00
116,RELAX1,45,0,0,0.00
121,RELAX1,21,0,0,0.00
126,RELAX1,59,0,0,0.00
131,RELAX1,34,0,0,0.00
136,RELAX1,39,0,0,0.00
141,RELAX1,32,0,0,0.00
146,RELAX1,64,0,0,0.00
151,RELAX1,23,0,0,0.00
156,RELAX1,45,0,0,0.00
161,RELAX1,25,0,0,0.00
166,RELAX1,59,0,0,0.00
171,RELAX1,29,0,0,0.00
176,RELAX1,36,0,0,0.00
181,RELAX1,37,0,0,0.00
186,RELAX1,59,0,0,0.00
191,RELAX1,31,0,0,0.00
196,RELAX1,42,0,0,0.00
201,RELAX1,24,0,0,0.00
206,RELAX1,54,0,0,0.00
211,RELAX1,25,0,0,0.00
216,RELAX1,33,0,0,0.00
221,RELAX1,37,0,0,0.00
226,RELAX1,61,0,0,0.00
231,RELAX1,31,0,0,0.00
236,RELAX1,46,0,0,0.00
241,RELAX1,23,0,0,0.00
246,RELAX1,57,0,0,0.00
251,RELAX1,31,0,0,0.00
256,RELAX1,35,0,0,0.00
261,RELAX1,33,0,0,0.00
266,RELAX1,61,0,0,0.00
271,RELAX1,30,0,0,0.00
276,RELAX1,40,0,0,0.00
281,RELAX1,27,0,0,0.00
286,RELAX1,49,0,0,0.00
291,RELAX1,29,0,0,0.00
296,RELAX1,48,0,0,0.00
301,RELAX1,39,0,0,0.00
306,RELAX1,60,0,0,0.00
311,RELAX1,30,0,0,0.00
316,RELAX1,41,0,0,0.00
321,RELAX1,31,0,0,0.00
326,RELAX1,59,0,0,0.00
331,RELAX1,29,0,0,0.00
336,RELAX1,48,0,0,0.00
342,RELAX1,20,0,0,0.00
347,RELAX1,55,0,0,0.00
352,RELAX1,22,0,0,0.00
357,RELAX1,46,0,0,0.00
362,RELAX1,18,0,0,0.00
367,RELAX1,56,0,0,0.00
372,RELAX1,23,0,0,0.00
377,RELAX1,56,0,0,0.00
382,RELAX1,18,0,0,0.00
387,RELAX1,56,0,0,0.00
392,RELAX1,23,0,0,0.00
397,RELAX1,49,0,0,0.00
402,RELAX1,19,0,0,0.00
407,RELAX1,52,0,0,0.00
412,RELAX1,26,0,0,0.00
417,RELAX1,54,0,0,0.00
422,RELAX1,23,0,0,0.00
427,RELAX1,59,0,0,0.00
432,RELAX1,23,0,0,0.00
437,RELAX1,52,0,0,0.00
442,RELAX1,21,0,0,0.00
447,RELAX1,56,0,0,0.00
452,RELAX1,25,0,0,0.00
457,RELAX1,60,0,0,0.00
462,RELAX1,19,0,0,0.00
467,RELAX1,51,0,0,0.00
472,RELAX1,23,0,0,0.00
477,RELAX1,51,0,0,0.00
482,RELAX1,21,0,0,0.00
487,RELAX1,57,0,0,0.00
492,RELAX1,21,0,0,0.00
497,RELAX1,49,0,0,0.00
502,RELAX1,19,0,0,0.00
507,RELAX1,58,0,0,0.00
512,RELAX1,22,0,0,0.00
517,RELAX1,47,0,0,0.00
522,RELAX1,19,0,0,0.00
527,RELAX1,55,0,0,0.00
532,RELAX1,24,0,0,0.00
537,RELAX1,48,0,0,0.00
542,RELAX1,20,0,0,0.00
547,RELAX1,51,0,0,0.00
552,RELAX1,23,0,0,0.00
557,RELAX1,52,0,0,0.00
562,RELAX1,23,0,0,0.00
567,RELAX1,57,0,0,0.00
572,RELAX1,23,0,0,0.00
577,RELAX1,51,0,0,0.00
582,RELAX1,20,0,0,0.00
587,RELAX1,52,0,0,0.00
592,RELAX1,21,0,0,0.00
598,RELAX1,61,0,0,0.00
603,RELAX1,23,0,0,0.00
608,RELAX1,52,0,0,0.00
613,RELAX1,20,0,0,0.00
618,RELAX1,53,0,0,0.00
623,RELAX1,32,0,0,0.00
628,RELAX1,44,0,0,0.00
633,RELAX1,18,0,0,0.00
638,RELAX1,56,0,0,0.00
643,RELAX1,23,0,0,0.00
648,RELAX1,52,0,0,0.00
653,RELAX1,18,0,0,0.00
658,RELAX1,60,0,0,0.00
663,RELAX1,32,0,0,0.00
668,RELAX1,53,0,0,0.00
673,RELAX1,19,0,0,0.00
678,RELAX1,56,0,0,0.00
683,RELAX1,20,0,0,0.00
688,RELAX1,50,0,0,0.00
693,RELAX1,19,0,0,0.00
698,RELAX1,56,0,0,0.00
703,RELAX1,32,0,0,0.00
708,RELAX1,50,0,0,0.00
713,RELAX1,19,0,0,0.00
718,RELAX1,58,0,0,0.00
723,RELAX1,37,0,0,0.00
728,RELAX1,55,0,0,0.00
733,RELAX1,18,0,0,0.00
738,RELAX1,55,0,0,0.00
743,RELAX1,30,0,0,0.00
748,RELAX1,48,0,0,0.00
753,RELAX1,21,0,0,0.00
758,RELAX1,58,0,0,0.00
763,RELAX1,33,0,0,0.00
768,RELAX1,51,0,0,0.00
773,RELAX1,20,0,0,0.00
778,RELAX1,61,0,0,0.00
783,RELAX1,31,0,0,0.00
788,RELAX1,46,0,0,0.00
793,RELAX1,19,0,0,0.00
798,RELAX1,58,0,0,0.00
803,RELAX1,29,0,0,0.00
808,RELAX1,43,0,0,0.00
813,RELAX1,21,0,0,0.00
818,RELAX1,58,0,0,0.00
823,RELAX1,25,0,0,0.00
828,RELAX1,47,0,0,0.00
833,RELAX1,18,0,0,0.00
838,RELAX1,58,0,0,0.00
843,RELAX1,39,0,0,0.00
848,RELAX1,40,0,0,0.00
854,RELAX1,18,0,0,0.00
859,RELAX1,60,0,0,0.00
864,RELAX1,37,0,0,0.00
869,RELAX1,44,0,0,0.00
874,RELAX1,18,0,0,0.00
879,RELAX1,53,0,0,0.00
884,RELAX1,50,0,0,0.00
889,RELAX1,37,0,0,0.00
894,RELAX1,27,0,0,0.00
899,RELAX1,53,0,0,0.00
904,RELAX1,39,0,0,0.00
909,RELAX1,45,0,0,0.00
914,RELAX1,19,0,0,0.00
919,RELAX1,58,0,0,0.00
924,RELAX1,51,0,0,0.00
929,RELAX1,40,0,0,0.00
934,RELAX1,21,0,0,0.00
939,RELAX1,59,0,0,0.00
944,RELAX1,37,0,0,0.00
949,RELAX1,49,0,0,0.00
954,RELAX1,19,0,0,0.00
959,RELAX1,55,0,0,0.00
964,RELAX1,49,0,0,0.00
969,RELAX1,40,0,0,0.00
974,RELAX1,22,0,0,0.00
979,RELAX1,53,0,0,0.00
984,RELAX1,38,0,0,0.00
989,RELAX1,44,0,0,0.00
994,RELAX1,19,0,0,0.00
999,RELAX1,57,0,0,0.00
1004,RELAX1,43,0,0,0.00
1009,RELAX1,44,0,0,0.00
1014,RELAX1,19,0,0,0.00
1019,RELAX1,54,0,0,0.00
1024,RELAX1,34,0,0,0.00
1029,RELAX1,48,0,0,0.00
1034,RELAX1,19,0,0,0.00
1039,RELAX1,57,0,0,0.00
1044,RELAX1,44,0,0,0.00
1049,RELAX1,42,0,0,0.00
1054,RELAX1,19,0,0,0.00
1059,RELAX1,64,0,0,0.00
1064,RELAX1,56,0,0,0.00
1069,RELAX1,44,0,0,0.00
1074,RELAX1,19,0,0,0.00
1079,RELAX1,57,0,0,0.00
1084,RELAX1,39,0,0,0.00
1089,RELAX1,44,0,0,0.00
1094,RELAX1,19,0,0,0.00
1099,RELAX1,56,0,0,0.00
1104,RELAX1,52,0,0,0.00
1110,RELAX1,38,0,0,0.00
1115,RELAX1,18,0,0,0.00
1120,RELAX1,57,0,0,0.00
1125,RELAX1,50,0,0,0.00
1130,RELAX1,35,0,0,0.00
1135,RELAX1,22,0,0,0.00
1140,RELAX1,47,0,0,0.00
1145,RELAX1,58,0,0,0.00
1150,RELAX1,36,0,0,0.00
1155,RELAX1,26,0,0,0.00
1160,RELAX1,53,0,0,0.00
1165,RELAX1,55,0,0,0.00
1170,RELAX1,40,0,0,0.00
1175,RELAX1,24,0,0,0.00
1180,RELAX1,44,0,0,0.00
1185,RELAX1,61,0,0,0.00
1190,RELAX1,36,0,0,0.00
1195,RELAX1,19,0,0,0.00
1200,RELAX1,50,0,0,0.00
1205,RELAX1,54,0,0,0.00
1210,RELAX1,36,0,0,0.00
1215,RELAX1,22,0,0,0.00
1220,RELAX1,45,0,0,0.00
1225,RELAX1,55,0,0,0.00
1230,RELAX1,37,0,0,0.00
1235,RELAX1,24,0,0,0.00
1240,RELAX1,65,0,0,0.00
1245,RELAX1,60,0,0,0.00
1250,RELAX1,36,0,0,0.00
1255,RELAX1,21,0,0,0.00
1260,RELAX1,52,0,0,0.00
1265,RELAX1,58,0,0,0.00
1270,RELAX1,39,0,0,0.00
1275,RELAX1,26,0,0,0.00
1280,RELAX1,54,0,0,0.00
1285,RELAX1,50,0,0,0.00
1290,RELAX1,39,0,0,0.00
1295,RELAX1,22,0,0,0.00
1300,RELAX1,50,0,0,0.00
1305,RELAX1,54,0,0,0.00
1310,RELAX1,32,0,0,0.00
1315,RELAX1,26,0,0,0.00
1320,RELAX1,48,0,0,0.00
1325,RELAX1,56,0,0,0.00
1330,RELAX1,38,0,0,0.00
1335,RELAX1,22,0,0,0.00
1340,RELAX1,49,0,0,0.00
1345,RELAX1,53,0,0,0.00
1350,RELAX1,40,0,0,0.00
1355,RELAX1,22,0,0,0.00
1360,RELAX1,41,0,0,0.00
1366,RELAX1,64,0,0,0.00
1371,RELAX1,36,0,0,0.00
1376,RELAX1,29,0,0,0.00
1381,RELAX1,42,0,0,0.00
1386,RELAX1,62,0,0,0.00
1391,RELAX1,33,0,0,0.00
1396,RELAX1,33,0,0,0.00
1401,RELAX1,31,0,0,0.00
1406,RELAX1,56,0,0,0.00
1411,RELAX1,36,0,0,0.00
1416,RELAX1,28,0,0,0.00
1421,RELAX1,43,0,0,0.00
1426,RELAX1,59,0,0,0.00
1431,RELAX1,31,0,0,0.00
1436,RELAX1,34,0,0,0.00
1441,RELAX1,30,0,0,0.00
1446,RELAX1,62,0,0,0.00
1451,RELAX1,38,0,0,0.00
1456,RELAX1,31,0,0,0.00
1461,RELAX1,40,0,0,0.00
1466,RELAX1,61,0,0,0.00
1471,RELAX1,29,0,0,0.00
1476,RELAX1,33,0,0,0.00
1481,RELAX1,34,0,0,0.00
1486,RELAX1,61,0,0,0.00
1491,RELAX1,25,0,0,0.00
1496,RELAX1,25,0,0,0.00
1501,RELAX1,41,0,0,0.00
1506,RELAX1,61,0,0,0.00
1511,RELAX1,33,0,0,0.00
1516,RELAX1,30,0,0,0.00
1521,RELAX1,32,0,0,0.00
1526,RELAX1,67,0,0,0.00
1531,RELAX1,28,0,0,0.00
1536,RELAX1,25,0,0,0.00
1541,RELAX1,42,0,0,0.00
1546,RELAX1,61,0,0,0.00
1551,RELAX1,27,0,0,0.00
1556,RELAX1,33,0,0,0.00
1561,RELAX1,37,0,0,0.00
1566,RELAX1,61,0,0,0.00
1571,RELAX1,31,0,0,0.00
1576,RELAX1,40,0,0,0.00
1581,RELAX1,44,0,0,0.00
1586,RELAX1,61,0,0,0.00
1591,RELAX1,35,0,0,0.00
1596,RELAX1,32,0,0,0.00
1601,RELAX1,38,0,0,0.00
1606,RELAX1,63,0,0,0.00
1611,RELAX1,29,0,0,0.00
1616,RELAX1,36,0,0,0.00
1622,RELAX1,29,0,0,0.00
1627,RELAX1,58,0,0,0.00
1632,RELAX1,28,0,0,0.00
1637,RELAX1,42,0,0,0.00
1642,RELAX1,24,0,0,0.00
1647,RELAX1,59,0,0,0.00
1652,RELAX1,26,0,0,0.00
1657,RELAX1,57,0,0,0.00
1662,RELAX1,20,0,0,0.00
1667,RELAX1,58,0,0,0.00
1672,RELAX1,32,0,0,0.00
1677,RELAX1,45,0,0,0.00
1682,RELAX1,23,0,0,0.00
1687,RELAX1,60,0,0,0.00
1692,RELAX1,25,0,0,0.00
1697,RELAX1,47,0,0,0.00
1702,RELAX1,18,0,0,0.00
1707,RELAX1,61,0,0,0.00
1712,RELAX1,28,0,0,0.00
1717,RELAX1,44,0,0,0.00
1722,RELAX1,26,0,0,0.00
1727,RELAX1,62,0,0,0.00
1732,RELAX1,19,0,0,0.00
1737,RELAX1,45,0,0,0.00
1742,RELAX1,18,0,0,0.00
1747,RELAX1,50,0,0,0.00
1752,RELAX1,29,0,0,0.00
1757,RELAX1,43,0,0,0.00
1762,RELAX1,26,0,0,0.00
1767,RELAX1,64,0,0,0.00
1772,RELAX1,25,0,0,0.00
1777,RELAX1,47,0,0,0.00
1782,RELAX1,19,0,0,0.00
1787,RELAX1,52,0,0,0.00
1792,RELAX1,29,0,0,0.00
1797,RELAX1,43,0,0,0.00
1802,RELAX1,21,0,0,0.00
1807,RELAX1,56,0,0,0.00
1812,RELAX1,30,0,0,0.00
1817,RELAX1,53,0,0,0.00
1822,RELAX1,22,0,0,0.00
1827,RELAX1,58,0,0,0.00
1832,RELAX1,21,0,0,0.00
1837,RELAX1,38,0,0,0.00
1842,RELAX1,31,0,0,0.00
1847,RELAX1,64,0,0,0.00
1852,RELAX1,22,0,0,0.00
1857,RELAX1,46,0,0,0.00
1862,RELAX1,20,0,0,0.00
1867,RELAX1,60,0,0,0.00
1872,RELAX1,27,0,0,0.00
1878,RELAX1,53,0,0,0.00
1883,RELAX1,20,0,0,0.00
1888,RELAX1,53,0,0,0.00
1893,RELAX1,19,0,0,0.00
1898,RELAX1,58,0,0,0.00
1903,RELAX1,25,0,0,0.00
1908,RELAX1,57,0,0,0.00
1913,RELAX1,18,0,0,0.00
1918,RELAX1,58,0,0,0.00
1923,RELAX1,18,0,0,0.00
1928,RELAX1,57,0,0,0.00
1933,RELAX1,21,0,0,0.00
1938,RELAX1,55,0,0,0.00
1943,RELAX1,20,0,0,0.00
1948,RELAX1,52,0,0,0.00
1953,RELAX1,20,0,0,0.00
1958,RELAX1,56,0,0,0.00
1963,RELAX1,18,0,0,0.00
1968,RELAX1,52,0,0,0.00
1973,RELAX1,23,0,0,0.00
1978,RELAX1,54,0,0,0.00
1983,RELAX1,20,0,0,0.00
1988,RELAX1,51,0,0,0.00
1993,RELAX1,20,0,0,0.00
1998,RELAX1,58,0,0,0.00
2003,RELAX1,33,0,0,0.00
2008,RELAX1,52,0,0,0.00
2013,RELAX1,19,0,0,0.00
2018,RELAX1,53,0,0,0.00
2023,RELAX1,21,0,0,0.00
2028,RELAX1,54,0,0,0.00
2033,RELAX1,22,0,0,0.00
2038,RELAX1,55,0,0,0.00
2043,RELAX1,28,0,0,0.00
2048,RELAX1,60,0,0,0.00
2053,RELAX1,19,0,0,0.00
2058,RELAX1,54,0,0,0.00
2063,RELAX1,20,0,0,0.00
2068,RELAX1,51,0,0,0.00
2073,RELAX1,21,0,0,0.00
2078,RELAX1,50,0,0,0.00
2083,RELAX1,23,0,0,0.00
2088,RELAX1,47,0,0,0.00
2093,RELAX1,21,0,0,0.00
2098,RELAX1,53,0,0,0.00
2103,RELAX1,19,0,0,0.00
2108,RELAX1,52,0,0,0.00
2113,RELAX1,19,0,0,0.00
2118,RELAX1,53,0,0,0.00
2123,RELAX1,26,0,0,0.00
2128,RELAX1,36,0,0,0.00
2134,RELAX1,22,0,0,0.00
2139,RELAX1,57,0,0,0.00
2144,RELAX1,29,0,0,0.00
2149,RELAX1,45,0,0,0.00
2154,RELAX1,19,0,0,0.00
2159,RELAX1,56,0,0,0.00
2164,RELAX1,34,0,0,0.00
2169,RELAX1,43,0,0,0.00
2174,RELAX1,18,0,0,0.00
2179,RELAX1,54,0,0,0.00
2184,RELAX1,34,0,0,0.00
2189,RELAX1,48,0,0,0.00
2194,RELAX1,18,0,0,0.00
2199,RELAX1,58,0,0,0.00
2204,RELAX1,41,0,0,0.00
2209,RELAX1,48,0,0,0.00
2214,RELAX1,19,0,0,0.00
2219,RELAX1,57,0,0,0.00
2224,RELAX1,31,0,0,0.00
2229,RELAX1,49,0,0,0.00
2234,RELAX1,18,0,0,0.00
2239,RELAX1,63,0,0,0.00
2244,RELAX1,38,0,0,0.00
2249,RELAX1,44,0,0,0.00
2254,RELAX1,18,0,0,0.00
2259,RELAX1,53,0,0,0.00
2264,RELAX1,29,0,0,0.00
2269,RELAX1,48,0,0,0.00
2274,RELAX1,18,0,0,0.00
2279,RELAX1,57,0,0,0.00
2284,RELAX1,35,0,0,0.00
2289,RELAX1,47,0,0,0.00
2294,RELAX1,18,0,0,0.00
2299,RELAX1,56,0,0,0.00
2304,RELAX1,31,0,0,0.00
2309,RELAX1,47,0,0,0.00
2314,RELAX1,18,0,0,0.00
2319,RELAX1,57,0,0,0.00
2324,RELAX1,32,0,0,0.00
2329,RELAX1,41,0,0,0.00
2334,RELAX1,19,0,0,0.00
2339,RELAX1,62,0,0,0.00
2344,RELAX1,38,0,0,0.00
2349,RELAX1,50,0,0,0.00
2354,RELAX1,19,0,0,0.00
2359,RELAX1,55,0,0,0.00
2364,RELAX1,33,0,0,0.00
2369,RELAX1,44,0,0,0.00
2374,RELAX1,19,0,0,0.00
2379,RELAX1,54,0,0,0.00
2384,RELAX1,40,0,0,0.00
2390,RELAX1,39,0,0,0.00
2395,RELAX1,18,0,0,0.00
2400,RELAX1,53,0,0,0.00
2405,RELAX1,49,0,0,0.00
2410,RELAX1,42,0,0,0.00
2415,RELAX1,20,0,0,0.00
2420,RELAX1,53,0,0,0.00
2425,RELAX1,55,0,0,0.00
2430,RELAX1,38,0,0,0.00
2435,RELAX1,18,0,0,0.00
2440,RELAX1,55,0,0,0.00
2445,RELAX1,49,0,0,0.00
2450,RELAX1,44,0,0,0.00
2455,RELAX1,21,0,0,0.00
2460,RELAX1,48,0,0,0.00
2465,RELAX1,52,0,0,0.00
2470,RELAX1,35,0,0,0.00
2475,RELAX1,18,0,0,0.00
2480,RELAX1,58,0,0,0.00
2485,RELAX1,45,0,0,0.00
2490,RELAX1,41,0,0,0.00
2495,RELAX1,20,0,0,0.00
2500,RELAX1,54,0,0,0.00
2505,RELAX1,53,0,0,0.00
2510,RELAX1,36,0,0,0.00
2515,RELAX1,22,0,0,0.00
2520,RELAX1,60,0,0,0.00
2525,RELAX1,45,0,0,0.00
2530,RELAX1,41,0,0,0.00
2535,RELAX1,19,0,0,0.00
2540,RELAX1,57,0,0,0.00
2545,RELAX1,49,0,0,0.00
2550,RELAX1,38,0,0,0.00
2555,RELAX1,23,0,0,0.00
2560,RELAX1,57,0,0,0.00
2565,RELAX1,39,0,0,0.00
2570,RELAX1,43,0,0,0.00
2575,RELAX1,20,0,0,0.00
2580,RELAX1,51,0,0,0.00
2585,RELAX1,52,0,0,0.00
2590,RELAX1,42,0,0,0.00
2595,RELAX1,21,0,0,0.00
2600,RELAX1,47,0,0,0.00
2605,RELAX1,38,0,0,0.00
2610,RELAX1,40,0,0,0.00
2615,RELAX1,19,0,0,0.00
2620,RELAX1,54,0,0,0.00
2625,RELAX1,50,0,0,0.00
2630,RELAX1,39,0,0,0.00
2635,RELAX1,20,0,0,0.00
2640,RELAX1,48,0,0,0.00
2646,RELAX1,50,0,0,0.00
2651,RELAX1,37,0,0,0.00
2656,RELAX1,22,0,0,0.00
2661,RELAX1,46,0,0,0.00
2666,RELAX1,57,0,0,0.00
2671,RELAX1,33,0,0,0.00
2676,RELAX1,28,0,0,0.00
2681,RELAX1,41,0,0,0.00
2686,RELAX1,62,0,0,0.00
2691,RELAX1,37,0,0,0.00
2696,RELAX1,23,0,0,0.00
2701,RELAX1,44,0,0,0.00
2706,RELAX1,55,0,0,0.00
2711,RELAX1,36,0,0,0.00
2716,RELAX1,26,0,0,0.00
2721,RELAX1,38,0,0,0.00
2726,RELAX1,62,0,0,0.00
2731,RELAX1,39,0,0,0.00
2736,RELAX1,22,0,0,0.00
2741,RELAX1,51,0,0,0.00
2746,RELAX1,56,0,0,0.00
2751,RELAX1,34,0,0,0.00
2756,RELAX1,28,0,0,0.00
2761,RELAX1,43,0,0,0.00
2766,RELAX1,57,0,0,0.00
2771,RELAX1,32,0,0,0.00
2776,RELAX1,21,0,0,0.00
2781,RELAX1,51,0,0,0.00
2786,RELAX1,54,0,0,0.00
2791,RELAX1,35,0,0,0.00
2796,RELAX1,28,0,0,0.00
2801,RELAX1,44,0,0,0.00
2806,RELAX1,57,0,0,0.00
2811,RELAX1,34,0,0,0.00
2816,RELAX1,20,0,0,0.00
2821,RELAX1,55,0,0,0.00
2826,RELAX1,60,0,0,0.00
2831,RELAX1,38,0,0,0.00
2836,RELAX1,22,0,0,0.00
2841,RELAX1,44,0,0,0.00
2846,RELAX1,61,0,0,0.00
2851,RELAX1,33,0,0,0.00
2856,RELAX1,31,0,0,0.00
2861,RELAX1,46,0,0,0.00
2866,RELAX1,54,0,0,0.00
2871,RELAX1,37,0,0,0.00
2876,RELAX1,25,0,0,0.00
2881,RELAX1,38,0,0,0.00
2886,RELAX1,44,0,0,0.00
2891,RELAX1,35,0,0,0.00
2896,RELAX1,31,0,0,0.00
2902,RELAX1,39,0,0,0.00
2907,RELAX1,63,0,0,0.00
2912,RELAX1,28,0,0,0.00
2917,RELAX1,35,0,0,0.00
2922,RELAX1,33,0,0,0.00
2927,RELAX1,60,0,0,0.00
2932,RELAX1,26,0,0,0.00
2937,RELAX1,45,0,0,0.00
2942,RELAX1,22,0,0,0.00
2947,RELAX1,60,0,0,0.00
2952,RELAX1,33,0,0,0.00
2957,RELAX1,36,0,0,0.00
2962,RELAX1,34,0,0,0.00
2967,RELAX1,61,0,0,0.00
2972,RELAX1,27,0,0,0.00
2977,RELAX1,42,0,0,0.00
2982,RELAX1,24,0,0,0.00
2987,RELAX1,60,0,0,0.00
2992,RELAX1,32,0,0,0.00
2997,RELAX1,34,0,0,0.00
3002,RELAX1,33,0,0,0.00
3007,RELAX1,62,0,0,0.00
3012,RELAX1,28,0,0,0.00
3017,RELAX1,43,0,0,0.00
3022,RELAX1,28,0,0,0.00
3027,RELAX1,63,0,0,0.00
3032,RELAX1,28,0,0,0.00
3037,RELAX1,30,0,0,0.00
3042,RELAX1,32,0,0,0.00
3047,RELAX1,58,0,0,0.00
3052,RELAX1,27,0,0,0.00
3057,RELAX1,39,0,0,0.00
3062,RELAX1,28,0,0,0.00
3067,RELAX1,59,0,0,0.00
3072,RELAX1,34,0,0,0.00
3077,RELAX1,33,0,0,0.00
3082,RELAX1,33,0,0,0.00
3087,RELAX1,61,0,0,0.00
3092,RELAX1,26,0,0,0.00
3097,RELAX1,37,0,0,0.00
3102,RELAX1,28,0,0,0.00
3107,RELAX1,61,0,0,0.00
3112,RELAX1,30,0,0,0.00
3117,RELAX1,30,0,0,0.00
3122,RELAX1,36,0,0,0.00
3127,RELAX1,61,0,0,0.00
3132,RELAX1,30,0,0,0.00
3137,RELAX1,43,0,0,0.00
3142,RELAX1,31,0,0,0.00
3147,RELAX1,60,0,0,0.00
3152,RELAX1,29,0,0,0.00
3158,RELAX1,41,0,0,0.00
3163,RELAX1,24,0,0,0.00
3168,RELAX1,53,0,0,0.00
3173,RELAX1,22,0,0,0.00
3178,RELAX1,50,0,0,0.00
3183,RELAX1,17,0,0,0.00
3188,RELAX1,55,0,0,0.00
3193,RELAX1,25,0,0,0.00
3198,RELAX1,54,0,0,0.00
3203,RELAX1,24,0,0,0.00
3208,RELAX1,56,0,0,0.00
3213,RELAX1,23,0,0,0.00
3218,RELAX1,48,0,0,0.00
3223,RELAX1,21,0,0,0.00
3228,RELAX1,56,0,0,0.00
3233,RELAX1,23,0,0,0.00
3238,RELAX1,53,0,0,0.00
3243,RELAX1,26,0,0,0.00
3248,RELAX1,54,0,0,0.00
3253,RELAX1,23,0,0,0.00
3258,RELAX1,48,0,0,0.00
3263,RELAX1,19,0,0,0.00
3268,RELAX1,50,0,0,0.00
3273,RELAX1,21,0,0,0.00
3278,RELAX1,53,0,0,0.00
3283,RELAX1,19,0,0,0.00
3288,RELAX1,62,0,0,0.00
3293,RELAX1,20,0,0,0.00
3298,RELAX1,49,0,0,0.00
3303,RELAX1,19,0,0,0.00
3308,RELAX1,53,0,0,0.00
3313,RELAX1,25,0,0,0.00
3318,RELAX1,54,0,0,0.00
3323,RELAX1,20,0,0,0.00
3328,RELAX1,58,0,0,0.00
3333,RELAX1,24,0,0,0.00
3338,RELAX1,47,0,0,0.00
3343,RELAX1,20,0,0,0.00
3348,RELAX1,54,0,0,0.00
3353,RELAX1,21,0,0,0.00
3358,RELAX1,44,0,0,0.00
3363,RELAX1,20,0,0,0.00
3368,RELAX1,49,0,0,0.00
3373,RELAX1,25,0,0,0.00
3378,RELAX1,47,0,0,0.00
3383,RELAX1,20,0,0,0.00
3388,RELAX1,58,0,0,0.00
3393,RELAX1,22,0,0,0.00
3398,RELAX1,49,0,0,0.00
3403,RELAX1,19,0,0,0.00
3408,RELAX1,51,0,0,0.00
3414,RELAX1,21,0,0,0.00
3419,RELAX1,54,0,0,0.00
3424,RELAX1,22,0,0,0.00
3429,RELAX1,50,0,0,0.00
3434,RELAX1,19,0,0,0.00
3439,RELAX1,53,0,0,0.00
3444,RELAX1,31,0,0,0.00
3449,RELAX1,45,0,0,0.00
3454,RELAX1,18,0,0,0.00
3459,RELAX1,53,0,0,0.00
3464,RELAX1,19,0,0,0.00
3469,RELAX1,50,0,0,0.00
3474,RELAX1,21,0,0,0.00
3479,RELAX1,50,0,0,0.00
3484,RELAX1,28,0,0,0.00
3489,RELAX1,44,0,0,0.00
3494,RELAX1,18,0,0,0.00
3499,RELAX1,52,0,0,0.00
3504,RELAX1,19,0,0,0.00
3509,RELAX1,51,0,0,0.00
3514,RELAX1,21,0,0,0.00
3519,RELAX1,56,0,0,0.00
3524,RELAX1,29,0,0,0.00
3529,RELAX1,47,0,0,0.00
3534,RELAX1,18,0,0,0.00
3539,RELAX1,55,0,0,0.00
3544,RELAX1,19,0,0,0.00
3549,RELAX1,49,0,0,0.00
3554,RELAX1,22,0,0,0.00
3559,RELAX1,54,0,0,0.00
3564,RELAX1,28,0,0,0.00
3569,RELAX1,48,0,0,0.00
3574,RELAX1,20,0,0,0.00
3579,RELAX1,52,0,0,0.00
3584,RELAX1,21,0,0,0.00
3589,RELAX1,51,0,0,0.00
3594,RELAX1,20,0,0,0.00
3599,RELAX1,55,0,0,0.00
3604,RELAX1,23,0,0,0.00
3609,RELAX1,46,0,0,0.00
3614,RELAX1,19,0,0,0.00
3619,RELAX1,52,0,0,0.00
3624,RELAX1,31,0,0,0.00
3629,RELAX1,45,0,0,0.00
3634,RELAX1,21,0,0,0.00
3639,RELAX1,53,0,0,0.00
3644,RELAX1,23,0,0,0.00
3649,RELAX1,46,0,0,0.00
3654,RELAX1,18,0,0,0.00
3659,RELAX1,52,0,0,0.00
3664,RELAX1,32,0,0,0.00
3670,RELAX1,46,0,0,0.00
3675,RELAX1,18,0,0,0.00
3680,RELAX1,57,0,0,0.00
3685,RELAX1,36,0,0,0.00
3690,RELAX1,40,0,0,0.00
3695,RELAX1,18,0,0,0.00
3700,RELAX1,54,0,0,0.00
3705,RELAX1,46,0,0,0.00
3710,RELAX1,38,0,0,0.00
3715,RELAX1,18,0,0,0.00
3720,RELAX1,58,0,0,0.00
3725,RELAX1,39,0,0,0.00
3730,RELAX1,43,0,0,0.00
3735,RELAX1,18,0,0,0.00
3740,RELAX1,52,0,0,0.00
3745,RELAX1,45,0,0,0.00
3750,RELAX1,39,0,0,0.00
3755,RELAX1,18,0,0,0.00
3760,RELAX1,56,0,0,0.00
3765,RELAX1,36,0,0,0.00
3770,RELAX1,42,0,0,0.00
3775,RELAX1,19,0,0,0.00
3780,RELAX1,52,0,0,0.00
3785,RELAX1,48,0,0,0.00
3790,RELAX1,37,0,0,0.00
3795,RELAX1,19,0,0,0.00
3800,RELAX1,55,0,0,0.00
3805,RELAX1,34,0,0,0.00
3810,RELAX1,44,0,0,0.00
3815,RELAX1,18,0,0,0.00
3820,RELAX1,56,0,0,0.00
3825,RELAX1,37,0,0,0.00
3830,RELAX1,44,0,0,0.00
3835,RELAX1,19,0,0,0.00
3840,RELAX1,52,0,0,0.00
3845,RELAX1,31,0,0,0.00
3850,RELAX1,42,0,0,0.00
3855,RELAX1,19,0,0,0.00
3860,RELAX1,56,0,0,0.00
3865,RELAX1,37,0,0,0.00
3870,RELAX1,46,0,0,0.00
3875,RELAX1,18,0,0,0.00
3880,RELAX1,54,0,0,0.00
3885,RELAX1,31,0,0,0.00
3890,RELAX1,40,0,0,0.00
3895,RELAX1,18,0,0,0.00
3900,RELAX1,56,0,0,0.00
3905,RELAX1,34,0,0,0.00
3910,RELAX1,43,0,0,0.00
3915,RELAX1,19,0,0,0.00
3920,RELAX1,52,0,0,0.00
3926,RELAX1,48,0,0,0.00
3931,RELAX1,36,0,0,0.00
3936,RELAX1,21,0,0,0.00
3941,RELAX1,48,0,0,0.00
3946,RELAX1,52,0,0,0.00
3951,RELAX1,38,0,0,0.00
3956,RELAX1,24,0,0,0.00
3961,RELAX1,45,0,0,0.00
3966,RELAX1,56,0,0,0.00
3971,RELAX1,36,0,0,0.00
3976,RELAX1,20,0,0,0.00
3981,RELAX1,54,0,0,0.00
3986,RELAX1,51,0,0,0.00
3991,RELAX1,41,0,0,0.00
3996,RELAX1,24,0,0,0.00
4001,RELAX1,44,0,0,0.00
4006,RELAX1,56,0,0,0.00
4011,RELAX1,37,0,0,0.00
4016,RELAX1,20,0,0,0.00
4021,RELAX1,49,0,0,0.00
4026,RELAX1,46,0,0,0.00
4031,RELAX1,38,0,0,0.00
4036,RELAX1,21,0,0,0.00
4041,RELAX1,44,0,0,0.00
4046,RELAX1,53,0,0,0.00
4051,RELAX1,35,0,0,0.00
4056,RELAX1,20,0,0,0.00
4061,RELAX1,55,0,0,0.00
4066,RELAX1,52,0,0,0.00
4071,RELAX1,35,0,0,0.00
4076,RELAX1,21,0,0,0.00
4081,RELAX1,49,0,0,0.00
4086,RELAX1,48,0,0,0.00
4091,RELAX1,33,0,0,0.00
4096,RELAX1,20,0,0,0.00
4101,RELAX1,52,0,0,0.00
4106,RELAX1,52,0,0,0.00
4111,RELAX1,34,0,0,0.00
4116,RELAX1,20,0,0,0.00
4121,RELAX1,50,0,0,0.00
4126,RELAX1,54,0,0,0.00
4131,RELAX1,37,0,0,0.00
4136,RELAX1,23,0,0,0.00
4141,RELAX1,54,0,0,0.00
4146,RELAX1,49,0,0,0.00
4151,RELAX1,38,0,0,0.00
4156,RELAX1,20,0,0,0.00
4161,RELAX1,50,0,0,0.00
4166,RELAX1,51,0,0,0.00
4171,RELAX1,37,0,0,0.00
4176,RELAX1,20,0,0,0.00
4182,RELAX1,46,0,0,0.00
4187,RELAX1,54,0,0,0.00
4192,RELAX1,37,0,0,0.00
4197,RELAX1,27,0,0,0.00
4202,RELAX1,40,0,0,0.00
4207,RELAX1,61,0,0,0.00
4212,RELAX1,32,0,0,0.00
4217,RELAX1,36,0,0,0.00
4222,RELAX1,33,0,0,0.00
4227,RELAX1,52,0,0,0.00
4232,RELAX1,34,0,0,0.00
4237,RELAX1,26,0,0,0.00
4242,RELAX1,38,0,0,0.00
4247,RELAX1,61,0,0,0.00
4252,RELAX1,28,0,0,0.00
4257,RELAX1,32,0,0,0.00
4262,RELAX1,33,0,0,0.00
4267,RELAX1,55,0,0,0.00
4272,RELAX1,33,0,0,0.00
4277,RELAX1,25,0,0,0.00
4282,RELAX1,40,0,0,0.00
4287,RELAX1,57,0,0,0.00
4292,RELAX1,32,0,0,0.00
4297,RELAX1,33,0,0,0.00
4302,RELAX1,35,0,0,0.00
4307,RELAX1,59,0,0,0.00
4312,RELAX1,34,0,0,0.00
4317,RELAX1,25,0,0,0.00
4322,RELAX1,41,0,0,0.00
4327,RELAX1,58,0,0,0.00
4332,RELAX1,34,0,0,0.00
4337,RELAX1,32,0,0,0.00
4342,RELAX1,32,0,0,0.00
4347,RELAX1,59,0,0,0.00
4352,RELAX1,32,0,0,0.00
4357,RELAX1,25,0,0,0.00
4362,RELAX1,44,0,0,0.00
4367,RELAX1,54,0,0,0.00
4372,RELAX1,33,0,0,0.00
4377,RELAX1,33,0,0,0.00
4382,RELAX1,36,0,0,0.00
4387,RELAX1,61,0,0,0.00
4392,RELAX1,27,0,0,0.00
4397,RELAX1,24,0,0,0.00
4402,RELAX1,43,0,0,0.00
4407,RELAX1,57,0,0,0.00
4412,RELAX1,30,0,0,0.00
4417,RELAX1,31,0,0,0.00
4422,RELAX1,37,0,0,0.00
4427,RELAX1,62,0,0,0.00
4432,RELAX1,31,0,0,0.00
4438,RELAX1,34,0,0,0.00
4443,RELAX1,31,0,0,0.00
4448,RELAX1,57,0,0,0.00
4453,RELAX1,28,0,0,0.00
4458,RELAX1,40,0,0,0.00
4463,RELAX1,22,0,0,0.00
4468,RELAX1,58,0,0,0.00
4473,RELAX1,25,0,0,0.00
4478,RELAX1,51,0,0,0.00
4483,RELAX1,33,0,0,0.00
4488,RELAX1,59,0,0,0.00
4493,RELAX1,26,0,0,0.00
4498,RELAX1,46,0,0,0.00
4503,RELAX1,24,0,0,0.00
4508,RELAX1,54,0,0,0.00
4513,RELAX1,25,0,0,0.00
4518,RELAX1,47,0,0,0.00
4523,RELAX1,34,0,0,0.00
4528,RELAX1,59,0,0,0.00
4533,RELAX1,30,0,0,0.00
4538,RELAX1,41,0,0,0.00
4543,RELAX1,25,0,0,0.00
4548,RELAX1,59,0,0,0.00
4553,RELAX1,26,0,0,0.00
4558,RELAX1,45,0,0,0.00
4563,RELAX1,19,0,0,0.00
4568,RELAX1,61,0,0,0.00
4573,RELAX1,28,0,0,0.00
4578,RELAX1,40,0,0,0.00
4583,RELAX1,27,0,0,0.00
4588,RELAX1,60,0,0,0.00
4593,RELAX1,24,0,0,0.00
4598,RELAX1,45,0,0,0.00
4603,RELAX1,20,0,0,0.00
4608,RELAX1,62,0,0,0.00
4613,RELAX1,26,0,0,0.00
4618,RELAX1,39,0,0,0.00
4623,RELAX1,29,0,0,0.00
4628,RELAX1,60,0,0,0.00
4633,RELAX1,26,0,0,0.00
4638,RELAX1,43,0,0,0.00
4643,RELAX1,22,0,0,0.00
4648,RELAX1,56,0,0,0.00
4653,RELAX1,30,0,0,0.00
4658,RELAX1,37,0,0,0.00
4663,RELAX1,30,0,0,0.00
4668,RELAX1,58,0,0,0.00
4673,RELAX1,27,0,0,0.00
4678,RELAX1,46,0,0,0.00
4683,RELAX1,22,0,0,0.00
4688,RELAX1,57,0,0,0.00
4694,RELAX1,21,0,0,0.00
4699,RELAX1,44,0,0,0.00
4704,RELAX1,21,0,0,0.00
4709,RELAX1,52,0,0,0.00
4714,RELAX1,20,0,0,0.00
4719,RELAX1,56,0,0,0.00
4724,RELAX1,22,0,0,0.00
4729,RELAX1,47,0,0,0.00
4734,RELAX1,20,0,0,0.00
4739,RELAX1,50,0,0,0.00
4744,RELAX1,19,0,0,0.00
4749,RELAX1,54,0,0,0.00
4754,RELAX1,22,0,0,0.00
4759,RELAX1,54,0,0,0.00
4764,RELAX1,20,0,0,0.00
4769,RELAX1,46,0,0,0.00
4774,RELAX1,22,0,0,0.00
4779,RELAX1,47,0,0,0.00
4784,RELAX1,20,0,0,0.00
4789,RELAX1,51,0,0,0.00
4794,RELAX1,22,0,0,0.00
4799,RELAX1,52,0,0,0.00
4804,RELAX1,19,0,0,0.00
4809,RELAX1,52,0,0,0.00
4814,RELAX1,21,0,0,0.00
4819,RELAX1,52,0,0,0.00
4824,RELAX1,19,0,0,0.00
4829,RELAX1,53,0,0,0.00
4834,RELAX1,22,0,0,0.00
4839,RELAX1,53,0,0,0.00
4844,RELAX1,20,0,0,0.00
4849,RELAX1,46,0,0,0.00
4854,RELAX1,22,0,0,0.00
4859,RELAX1,50,0,0,0.00
4864,RELAX1,20,0,0,0.00
4869,RELAX1,53,0,0,0.00
4874,RELAX1,22,0,0,0.00
4879,RELAX1,48,0,0,0.00
4884,RELAX1,22,0,0,0.00
4889,RELAX1,49,0,0,0.00
4894,RELAX1,24,0,0,0.00
4899,RELAX1,55,0,0,0.00
4904,RELAX1,23,0,0,0.00
4909,RELAX1,56,0,0,0.00
4914,RELAX1,22,0,0,0.00
4919,RELAX1,47,0,0,0.00
4924,RELAX1,19,0,0,0.00
4929,RELAX1,52,0,0,0.00
4934,RELAX1,19,0,0,0.00
4939,RELAX1,57,0,0,0.00
4944,RELAX1,22,0,0,0.00
4950,RELAX1,45,0,0,0.00
4955,RELAX1,18,0,0,0.00
4960,RELAX1,50,0,0,0.00
4965,RELAX1,27,0,0,0.00
4970,RELAX1,44,0,0,0.00
4975,RELAX1,18,0,0,0.00
4980,RELAX1,50,0,0,0.00
4985,RELAX1,39,0,0,0.00
4990,RELAX1,43,0,0,0.00
4995,RELAX1,21,0,0,0.00
5000,PREPARE,56,18,18,0.90
5005,PREPARE,32,-6,6,1.20
5010,PREPARE,45,7,7,1.55
5015,PREPARE,18,-20,20,2.55
5020,PREPARE,56,18,18,3.45
5025,PREPARE,38,0,0,3.45
5030,PREPARE,41,3,3,3.60
5035,PREPARE,18,-20,20,4.60
5040,PREPARE,53,15,15,5.35
5045,PREPARE,30,-8,8,5.75
5050,PREPARE,45,7,7,6.10
5055,PREPARE,21,-17,17,6.95
5060,PREPARE,63,25,25,8.20
5065,PREPARE,38,0,0,8.20
5070,PREPARE,42,4,4,8.40
5075,PREPARE,19,-19,19,9.35
5080,PREPARE,52,14,14,10.05
5085,PREPARE,26,-12,12,10.65
5090,PREPARE,47,9,9,11.10
5095,PREPARE,19,-19,19,12.05
5100,PREPARE,54,16,16,11.95
5105,PREPARE,31,-7,7,12.00
5110,PREPARE,42,4,4,11.85
5115,PREPARE,19,-19,19,11.80
5120,PREPARE,52,14,14,11.60
5125,PREPARE,22,-16,16,12.40
5130,PREPARE,48,10,10,12.75
5135,PREPARE,20,-18,18,12.65
5140,PREPARE,51,13,13,12.55
5145,PREPARE,32,-6,6,12.45
5150,PREPARE,46,8,8,12.50
5155,PREPARE,19,-19,19,12.60
5160,PREPARE,56,18,18,12.25
5165,PREPARE,23,-15,15,13.00
5170,PREPARE,48,10,10,13.30
5175,PREPARE,20,-18,18,13.25
5180,PREPARE,53,15,15,13.30
5185,PREPARE,30,-8,8,13.10
5190,PREPARE,44,6,6,12.95
5195,PREPARE,19,-19,19,12.95
5200,PREPARE,54,16,16,12.95
5206,PREPARE,36,-2,2,12.70
5211,PREPARE,44,6,6,12.80
5216,PREPARE,19,-19,19,12.80
5221,PREPARE,60,22,22,13.20
5226,PREPARE,46,8,8,12.80
5231,PREPARE,37,-1,1,12.35
5236,PREPARE,20,-18,18,12.35
5241,PREPARE,50,12,12,12.30
5246,PREPARE,49,11,11,12.55
5251,PREPARE,43,5,5,12.40
5256,PREPARE,19,-19,19,12.40
5261,PREPARE,55,17,17,12.35
5266,PREPARE,46,8,8,12.00
5271,PREPARE,38,0,0,11.50
5276,PREPARE,20,-18,18,11.50
5281,PREPARE,52,14,14,11.45
5286,PREPARE,53,15,15,11.80
5291,PREPARE,37,-1,1,11.55
5296,PREPARE,17,-21,21,11.65
5301,PREPARE,56,18,18,11.75
5306,PREPARE,41,3,3,11.80
5311,PREPARE,37,-1,1,11.55
5316,PREPARE,20,-18,18,11.50
5321,PREPARE,49,11,11,10.95
5326,PREPARE,48,10,10,11.05
5331,PREPARE,36,-2,2,11.10
5336,PREPARE,19,-19,19,11.15
5341,PREPARE,54,16,16,11.35
5346,PREPARE,43,5,5,11.05
5351,PREPARE,39,1,1,10.85
5356,PREPARE,19,-19,19,10.85
5361,PREPARE,51,13,13,10.65
5366,PREPARE,46,8,8,10.65
5371,PREPARE,40,2,2,10.75
5376,PREPARE,20,-18,18,10.75
5381,PREPARE,54,16,16,10.85
5386,PREPARE,47,9,9,10.55
5391,PREPARE,41,3,3,10.65
5396,PREPARE,24,-14,14,10.30
5401,PREPARE,34,-4,4,9.60
5406,PREPARE,38,0,0,9.45
5411,PREPARE,31,-7,7,9.75
5416,PREPARE,35,-3,3,9.00
5421,PREPARE,61,23,23,9.60
5426,PREPARE,27,-11,11,9.65
5431,PREPARE,46,8,8,9.95
5436,PREPARE,22,-16,16,9.80
5441,PREPARE,60,22,22,10.10
5446,PREPARE,40,2,2,9.95
5451,PREPARE,50,12,12,10.50
5456,PREPARE,31,-7,7,9.90
5462,PREPARE,30,-8,8,9.65
5467,PREPARE,81,43,43,11.40
5472,PREPARE,50,12,12,11.90
5477,PREPARE,19,-19,19,11.95
5482,PREPARE,32,-6,6,11.45
5487,PREPARE,70,32,32,12.60
5492,PREPARE,37,-1,1,12.50
5497,PREPARE,19,-19,19,12.75
5502,PREPARE,55,17,17,13.40
5507,PREPARE,56,18,18,14.30
5512,PREPARE,29,-9,9,14.40
5517,PREPARE,18,-20,20,15.25
5522,PREPARE,49,11,11,14.65
5527,PREPARE,30,-8,8,14.50
5532,PREPARE,19,-19,19,15.05
5537,PREPARE,25,-13,13,14.90
5542,PREPARE,45,7,7,14.15
5547,PREPARE,44,6,6,14.35
5552,PREPARE,36,-2,2,13.85
5557,PREPARE,23,-15,15,14.25
5562,PREPARE,60,22,22,14.95
5567,PREPARE,40,2,2,12.90
5572,PREPARE,29,-9,9,12.75
5577,PREPARE,20,-18,18,12.70
5582,PREPARE,41,3,3,12.55
5587,PREPARE,50,12,12,11.55
5592,PREPARE,37,-1,1,11.55
5597,PREPARE,20,-18,18,11.50
5602,PREPARE,75,37,37,12.50
5607,PREPARE,48,10,10,12.10
5612,PREPARE,42,4,4,11.85
5617,PREPARE,66,28,28,12.25
5622,PREPARE,73,35,35,13.45
5627,PREPARE,25,-13,13,13.70
5632,PREPARE,28,-10,10,13.25
5637,PREPARE,32,-6,6,12.90
5642,PREPARE,19,-19,19,13.50
5647,PREPARE,71,33,33,14.85
5652,PREPARE,36,-2,2,14.85
5657,PREPARE,22,-16,16,14.90
5662,PREPARE,48,10,10,14.30
5667,PREPARE,67,29,29,15.65
5672,PREPARE,55,17,17,16.05
5677,PREPARE,31,-7,7,15.50
5682,PREPARE,55,17,17,16.20
5687,PREPARE,245,207,207,25.95
5692,PREPARE,88,50,50,28.40
5697,PREPARE,88,50,50,30.00
5702,PREPARE,100,62,62,31.25
5707,PREPARE,82,44,44,32.95
5712,PREPARE,72,34,34,34.45
5718,PREPARE,36,-2,2,33.15
5723,PREPARE,26,-12,12,32.00
5728,PREPARE,85,47,47,33.70
5733,PREPARE,18,-20,20,34.20
5738,PREPARE,35,-3,3,34.05
5743,PREPARE,54,16,16,33.90
5748,PREPARE,85,47,47,34.60
5753,PREPARE,48,10,10,35.00
5758,PREPARE,61,23,23,35.35
5763,PREPARE,57,19,19,35.80
5768,PREPARE,62,24,24,35.55
5773,PREPARE,25,-13,13,35.35
5778,PREPARE,49,11,11,35.55
5783,PREPARE,44,6,6,35.00
5788,PREPARE,54,16,16,25.45
5793,PREPARE,30,-8,8,23.35
5798,PREPARE,48,10,10,21.35
5803,PREPARE,36,-2,2,18.35
5808,PREPARE,67,29,29,17.60
5813,PREPARE,49,11,11,16.45
5818,PREPARE,57,19,19,17.30
5823,PREPARE,46,8,8,17.10
5828,PREPARE,71,33,33,16.40
5833,PREPARE,82,44,44,17.60
5838,PREPARE,55,17,17,18.30
5843,PREPARE,19,-19,19,18.45
5848,PREPARE,91,53,53,18.75
5853,PREPARE,24,-14,14,18.95
5858,PREPARE,40,2,2,17.90
5863,PREPARE,28,-10,10,17.45
5868,PREPARE,61,23,23,17.40
5873,PREPARE,48,10,10,17.25
5878,PREPARE,32,-6,6,17.00
5883,PREPARE,50,12,12,17.30
5888,PREPARE,48,10,10,17.00
5893,PREPARE,60,22,22,17.70
5898,PREPARE,46,8,8,17.60
5903,PREPARE,53,15,15,18.25
5908,PREPARE,82,44,44,19.00
5913,PREPARE,66,28,28,19.85
5918,PREPARE,38,0,0,18.90
5923,PREPARE,37,-1,1,18.55
5928,PREPARE,21,-17,17,17.75
5933,PREPARE,44,6,6,15.85
5938,PREPARE,18,-20,20,16.00
5943,PREPARE,58,20,20,16.05
5948,PREPARE,79,41,41,15.45
5953,PREPARE,18,-20,20,15.75
5958,PREPARE,64,26,26,16.95
5963,PREPARE,44,6,6,16.75
5968,PREPARE,69,31,31,17.15
5974,PREPARE,49,11,11,17.20
5979,PREPARE,68,30,30,18.40
5984,PREPARE,62,24,24,19.00
5989,PREPARE,67,29,29,19.95
5994,PREPARE,76,38,38,20.75
5999,PREPARE,33,-5,5,20.60
6004,PREPARE,59,21,21,20.90
6009,PREPARE,20,-18,18,19.60
6014,PREPARE,25,-13,13,18.85
6019,PREPARE,21,-17,17,19.70
6024,PREPARE,18,-20,20,20.65
6029,PREPARE,20,-18,18,20.70
6034,PREPARE,35,-3,3,20.55
6039,PREPARE,55,17,17,20.40
6044,PREPARE,23,-15,15,20.15
6049,PREPARE,50,12,12,18.70
6054,PREPARE,47,9,9,18.15
6059,PREPARE,24,-14,14,17.55
6064,PREPARE,52,14,14,17.95
6069,PREPARE,57,19,19,17.35
6074,PREPARE,47,9,9,17.25
6079,PREPARE,53,15,15,16.50
6084,PREPARE,19,-19,19,16.25
6089,PREPARE,21,-17,17,15.65
6094,PREPARE,20,-18,18,14.65
6099,PREPARE,53,15,15,15.15
6104,PREPARE,26,-12,12,14.70
6109,PREPARE,21,-17,17,14.65
6114,PREPARE,34,-4,4,14.20
6119,PREPARE,80,42,42,15.45
6124,PREPARE,20,-18,18,15.35
6129,PREPARE,123,85,85,18.70
6134,PREPARE,81,43,43,20.70
6139,PREPARE,23,-15,15,20.60
6144,PREPARE,25,-13,13,20.50
6149,PREPARE,69,31,31,21.45
6154,PREPARE,58,20,20,22.00
6159,PREPARE,32,-6,6,21.60
6164,PREPARE,20,-18,18,21.80
6169,PREPARE,79,41,41,22.90
6174,PREPARE,20,-18,18,23.35
6179,PREPARE,56,18,18,23.50
6184,PREPARE,19,-19,19,23.50
6189,PREPARE,89,51,51,25.20
6194,PREPARE,19,-19,19,25.25
6199,PREPARE,24,-14,14,25.20
6204,PREPARE,32,-6,6,24.90
6209,PREPARE,72,34,34,25.75
6214,PREPARE,32,-6,6,25.85
6219,PREPARE,71,33,33,25.40
6224,PREPARE,28,-10,10,25.00
6230,PREPARE,91,53,53,23.40
6235,PREPARE,33,-5,5,21.50
6240,PREPARE,90,52,52,23.35
6245,PREPARE,28,-10,10,23.20
6250,PREPARE,47,9,9,22.10
6255,PREPARE,24,-14,14,21.80
6260,PREPARE,44,6,6,21.80
6265,PREPARE,19,-19,19,21.85
6270,PREPARE,42,4,4,20.00
6275,PREPARE,30,-8,8,19.50
6280,PREPARE,51,13,13,19.25
6285,PREPARE,34,-4,4,18.50
6290,PREPARE,49,11,11,16.50
6295,PREPARE,28,-10,10,16.05
6300,PREPARE,64,26,26,16.65
6305,PREPARE,20,-18,18,17.25
6310,PREPARE,45,7,7,15.90
6315,PREPARE,109,71,71,19.15
6320,PREPARE,71,33,33,19.15
6325,PREPARE,57,19,19,19.60
6330,PREPARE,46,8,8,17.35
6335,PREPARE,27,-11,11,17.65
6340,PREPARE,58,20,20,16.05
6345,PREPARE,19,-19,19,16.50
6350,PREPARE,57,19,19,17.00
6355,PREPARE,18,-20,20,17.30
6360,PREPARE,54,16,16,17.80
6365,PREPARE,26,-12,12,17.45
6370,PREPARE,57,19,19,18.20
6375,PREPARE,21,-17,17,18.65
6380,PREPARE,95,57,57,20.85
6385,PREPARE,29,-9,9,21.10
6390,PREPARE,49,11,11,21.10
6395,PREPARE,37,-1,1,20.65
6400,PREPARE,97,59,59,22.30
6405,PREPARE,49,11,11,21.95
6410,PREPARE,33,-5,5,21.85
6415,PREPARE,28,-10,10,18.80
6420,PREPARE,54,16,16,17.95
6425,PREPARE,25,-13,13,17.65
6430,PREPARE,63,25,25,18.50
6435,PREPARE,57,19,19,18.90
6440,PREPARE,48,10,10,18.40
6445,PREPARE,83,45,45,19.70
6450,PREPARE,63,25,25,20.00
6455,PREPARE,43,5,5,19.25
6460,PREPARE,56,18,18,19.35
6465,PREPARE,18,-20,20,19.75
6470,PREPARE,59,21,21,19.85
6475,PREPARE,24,-14,14,19.70
6480,PREPARE,52,14,14,17.55
6486,PREPARE,40,2,2,17.20
6491,PREPARE,60,22,22,17.75
6496,PREPARE,23,-15,15,18.45
6501,PREPARE,61,23,23,16.65
6506,PREPARE,39,1,1,16.15
6511,PREPARE,50,12,12,16.50
6516,PREPARE,38,0,0,16.00
6521,PREPARE,31,-7,7,15.55
6526,PREPARE,33,-5,5,15.15
6531,PREPARE,18,-20,20,14.90
6536,PREPARE,20,-18,18,14.85
6541,PREPARE,72,34,34,16.05
6546,PREPARE,40,2,2,13.90
6551,PREPARE,40,2,2,12.75
6556,PREPARE,25,-13,13,13.15
6561,PREPARE,57,19,19,13.20
6566,PREPARE,19,-19,19,13.15
6571,PREPARE,60,22,22,13.20
6576,PREPARE,35,-3,3,12.65
6581,PREPARE,55,17,17,12.80
6586,PREPARE,21,-17,17,13.55
6591,PREPARE,47,9,9,12.90
6596,PREPARE,19,-19,19,13.10
6601,PREPARE,52,14,14,12.65
6606,PREPARE,42,4,4,12.80
6611,PREPARE,42,4,4,12.40
6616,PREPARE,23,-15,15,13.15
6621,PREPARE,41,3,3,12.95
6626,PREPARE,22,-16,16,13.50
6631,PREPARE,37,-1,1,12.55
6636,PREPARE,30,-8,8,12.05
6641,PREPARE,58,20,20,11.35
6646,PREPARE,47,9,9,11.70
6651,PREPARE,45,7,7,11.95
6656,PREPARE,30,-8,8,11.70
6661,PREPARE,45,7,7,11.10
6666,PREPARE,20,-18,18,11.05
6671,PREPARE,46,8,8,10.35
6676,PREPARE,35,-3,3,10.35
6681,PREPARE,65,27,27,10.85
6686,PREPARE,28,-10,10,10.50
6691,PREPARE,41,3,3,10.20
6696,PREPARE,30,-8,8,9.65
6701,PREPARE,45,7,7,9.30
6706,PREPARE,47,9,9,9.55
6711,PREPARE,22,-16,16,10.15
6716,PREPARE,45,7,7,9.75
6721,PREPARE,46,8,8,10.00
6726,PREPARE,43,5,5,9.45
6731,PREPARE,48,10,10,9.90
6736,PREPARE,27,-11,11,10.05
6742,PREPARE,47,9,9,9.50
6747,PREPARE,33,-5,5,9.30
6752,PREPARE,44,6,6,9.25
6757,PREPARE,30,-8,8,9.25
6762,PREPARE,43,5,5,9.15
6767,PREPARE,54,16,16,9.05
6772,PREPARE,20,-18,18,9.55
6777,PREPARE,25,-13,13,10.05
6782,PREPARE,24,-14,14,9.40
6787,PREPARE,61,23,23,10.05
6792,PREPARE,26,-12,12,10.50
6797,PREPARE,43,5,5,10.35
6802,PREPARE,39,1,1,10.05
6807,PREPARE,54,16,16,10.40
6812,PREPARE,41,3,3,9.75
6817,PREPARE,23,-15,15,10.15
6822,PREPARE,29,-9,9,10.20
6827,PREPARE,36,-2,2,10.05
6832,PREPARE,43,5,5,9.80
6837,PREPARE,19,-19,19,10.20
6842,PREPARE,84,46,46,12.05
6847,PREPARE,131,93,93,16.45
6852,PREPARE,91,53,53,18.80
6857,PREPARE,115,77,77,22.25
6862,PREPARE,95,57,57,24.85
6867,PREPARE,91,53,53,26.70
6872,PREPARE,80,42,42,27.90
6877,PREPARE,77,39,39,29.20
6882,PREPARE,88,50,50,31.00
6887,PREPARE,31,-7,7,30.20
6892,PREPARE,40,2,2,29.70
6897,PREPARE,27,-11,11,30.00
6902,PREPARE,53,15,15,30.70
6907,PREPARE,66,28,28,31.30
6912,PREPARE,47,9,9,31.60
6917,PREPARE,35,-3,3,31.00
6922,PREPARE,19,-19,19,31.50
6927,PREPARE,59,21,21,32.45
6932,PREPARE,37,-1,1,32.25
6937,PREPARE,44,6,6,31.60
6942,PREPARE,29,-9,9,29.75
6947,PREPARE,35,-3,3,25.25
6952,PREPARE,22,-16,16,23.40
6957,PREPARE,25,-13,13,20.20
6962,PREPARE,52,14,14,18.05
6967,PREPARE,48,10,10,15.90
6972,PREPARE,53,15,15,14.55
6977,PREPARE,18,-20,20,13.60
6982,PREPARE,45,7,7,11.45
6987,PREPARE,118,80,80,15.10
6992,PREPARE,61,23,23,16.15
6998,PREPARE,73,35,35,17.35
7003,PREPARE,167,129,129,23.05
7008,PREPARE,20,-18,18,22.55
7013,PREPARE,42,4,4,22.30
7018,PREPARE,78,40,40,24.15
7023,PREPARE,30,-8,8,23.60
7028,PREPARE,76,38,38,24.45
7033,PREPARE,40,2,2,24.50
7038,PREPARE,19,-19,19,25.15
7043,PREPARE,49,11,11,25.25
7048,PREPARE,57,19,19,26.05
7053,PREPARE,40,2,2,25.35
7058,PREPARE,23,-15,15,25.45
7063,PREPARE,42,4,4,24.95
7068,PREPARE,19,-19,19,25.40
7073,PREPARE,19,-19,19,25.60
7078,PREPARE,22,-16,16,25.40
7083,PREPARE,43,5,5,25.30
7088,PREPARE,63,25,25,22.55
7093,PREPARE,33,-5,5,21.65
7098,PREPARE,28,-10,10,20.40
7103,PREPARE,47,9,9,14.40
7108,PREPARE,79,41,41,15.55
7113,PREPARE,43,5,5,15.60
7118,PREPARE,42,4,4,13.80
7123,PREPARE,46,8,8,13.80
7128,PREPARE,96,58,58,14.80
7133,PREPARE,19,-19,19,15.65
7138,PREPARE,39,1,1,14.75
7143,PREPARE,108,70,70,17.70
7148,PREPARE,27,-11,11,17.30
7153,PREPARE,65,27,27,18.55
7158,PREPARE,50,12,12,18.40
7163,PREPARE,21,-17,17,19.05
7168,PREPARE,87,49,49,20.55
7173,PREPARE,34,-4,4,19.80
7178,PREPARE,22,-16,16,19.80
7183,PREPARE,55,17,17,20.40
7188,PREPARE,70,32,32,20.75
7193,PREPARE,44,6,6,20.80
7198,PREPARE,29,-9,9,20.75
7203,PREPARE,26,-12,12,20.90
7208,PREPARE,73,35,35,20.60
7213,PREPARE,90,52,52,22.95
7218,PREPARE,83,45,45,25.00
7223,PREPARE,61,23,23,25.75
7228,PREPARE,69,31,31,24.40
7233,PREPARE,57,19,19,24.40
7238,PREPARE,30,-8,8,24.75
7243,PREPARE,46,8,8,21.65
7248,PREPARE,74,36,36,22.90
7254,PREPARE,34,-4,4,21.75
7259,PREPARE,23,-15,15,21.90
7264,PREPARE,53,15,15,21.80
7269,PREPARE,50,12,12,19.95
7274,PREPARE,31,-7,7,20.10
7279,PREPARE,138,100,100,24.30
7284,PREPARE,104,66,66,26.75
7289,PREPARE,39,1,1,25.20
7294,PREPARE,30,-8,8,25.30
7299,PREPARE,19,-19,19,25.80
7304,PREPARE,20,-18,18,26.10
7309,PREPARE,79,41,41,26.40
7314,PREPARE,44,6,6,24.10
7319,PREPARE,62,24,24,23.05
7324,PREPARE,44,6,6,22.20
7329,PREPARE,42,4,4,20.85
7334,PREPARE,34,-4,4,20.10
7339,PREPARE,24,-14,14,20.40
7344,PREPARE,23,-15,15,20.75
7349,PREPARE,55,17,17,19.80
7354,PREPARE,24,-14,14,20.30
7359,PREPARE,33,-5,5,19.80
7364,PREPARE,38,0,0,19.05
7369,PREPARE,62,24,24,19.65
7374,PREPARE,18,-20,20,20.30
7379,PREPARE,39,1,1,15.35
7384,PREPARE,90,52,52,14.65
7389,PREPARE,33,-5,5,14.85
7394,PREPARE,98,60,60,17.45
7399,PREPARE,97,59,59,19.45
7404,PREPARE,27,-11,11,19.10
7409,PREPARE,86,48,48,19.45
7414,PREPARE,35,-3,3,19.30
7419,PREPARE,55,17,17,18.95
7424,PREPARE,43,5,5,18.90
7429,PREPARE,138,100,100,23.70
7434,PREPARE,19,-19,19,24.45
7439,PREPARE,59,21,21,24.80
7444,PREPARE,44,6,6,24.35
7449,PREPARE,73,35,35,25.25
7454,PREPARE,36,-2,2,24.65
7459,PREPARE,53,15,15,25.15
7464,PREPARE,23,-15,15,25.90
7469,PREPARE,79,41,41,26.75
7474,PREPARE,47,9,9,26.20
7479,PREPARE,64,26,26,27.45
7484,PREPARE,37,-1,1,24.90
7489,PREPARE,74,36,36,26.45
7494,PREPARE,40,2,2,23.55
7499,PREPARE,79,41,41,22.65
7504,PREPARE,26,-12,12,22.70
7510,PREPARE,151,113,113,25.95
7515,PREPARE,44,6,6,26.10
7520,PREPARE,118,80,80,29.25
7525,PREPARE,43,5,5,29.25
7530,PREPARE,74,36,36,26.05
7535,PREPARE,57,19,19,26.05
7540,PREPARE,78,40,40,27.00
7545,PREPARE,21,-17,17,27.55
7550,PREPARE,91,53,53,28.45
7555,PREPARE,22,-16,16,29.15
7560,PREPARE,91,53,53,31.05
7565,PREPARE,31,-7,7,30.65
7570,PREPARE,102,64,64,31.80
7575,PREPARE,32,-6,6,31.65
7580,PREPARE,100,62,62,33.45
7585,PREPARE,19,-19,19,34.35
7590,PREPARE,76,38,38,34.45
7595,PREPARE,50,12,12,34.95
7600,PREPARE,20,-18,18,33.80
7605,PREPARE,19,-19,19,34.15
7610,PREPARE,29,-9,9,28.95
7615,PREPARE,27,-11,11,29.20
7620,PREPARE,20,-18,18,26.10
7625,PREPARE,48,10,10,26.35
7630,PREPARE,20,-18,18,25.45
7635,PREPARE,44,6,6,24.80
7640,PREPARE,48,10,10,23.30
7645,PREPARE,19,-19,19,23.40
7650,PREPARE,74,36,36,22.55
7655,PREPARE,26,-12,12,22.35
7660,PREPARE,33,-5,5,19.95
7665,PREPARE,97,59,59,22.55
7670,PREPARE,29,-9,9,19.80
7675,PREPARE,27,-11,11,20.05
7680,PREPARE,36,-2,2,17.05
7685,PREPARE,19,-19,19,17.05
7690,PREPARE,63,25,25,16.40
7695,PREPARE,36,-2,2,15.90
7700,PREPARE,61,23,23,16.15
7705,PREPARE,31,-7,7,15.55
7710,PREPARE,110,72,72,18.70
7715,PREPARE,23,-15,15,18.90
7720,PREPARE,98,60,60,21.00
7725,PREPARE,67,29,29,21.95
7730,PREPARE,87,49,49,23.50
7735,PREPARE,82,44,44,25.40
7740,PREPARE,87,49,49,27.35
7745,PREPARE,39,1,1,26.45
7750,PREPARE,61,23,23,25.80
7755,PREPARE,32,-6,6,25.50
7760,PREPARE,73,35,35,27.00
7766,PREPARE,26,-12,12,24.65
7771,PREPARE,62,24,24,25.40
7776,PREPARE,35,-3,3,25.00
7781,PREPARE,62,24,24,26.10
7786,PREPARE,18,-20,20,26.15
7791,PREPARE,36,-2,2,25.00
7796,PREPARE,96,58,58,27.80
7801,PREPARE,124,86,86,30.95
7806,PREPARE,20,-18,18,31.50
7811,PREPARE,38,0,0,27.90
7816,PREPARE,52,14,14,27.85
7821,PREPARE,61,23,23,26.00
7826,PREPARE,19,-19,19,25.50
7831,PREPARE,44,6,6,23.35
7836,PREPARE,28,-10,10,21.65
7841,PREPARE,109,71,71,22.75
7846,PREPARE,32,-6,6,23.00
7851,PREPARE,71,33,33,23.50
7856,PREPARE,83,45,45,25.45
7861,PREPARE,92,54,54,26.40
7866,PREPARE,21,-17,17,26.65
7871,PREPARE,40,2,2,25.55
7876,PREPARE,30,-8,8,25.80
7881,PREPARE,54,16,16,25.40
7886,PREPARE,95,57,57,27.25
7891,PREPARE,24,-14,14,27.85
7896,PREPARE,20,-18,18,25.85
7901,PREPARE,73,35,35,23.30
7906,PREPARE,20,-18,18,23.30
7911,PREPARE,45,7,7,23.65
7916,PREPARE,37,-1,1,23.00
7921,PREPARE,24,-14,14,22.55
7926,PREPARE,30,-8,8,22.00
7931,PREPARE,18,-20,20,22.70
7936,PREPARE,30,-8,8,22.60
7941,PREPARE,58,20,20,20.05
7946,PREPARE,41,3,3,19.90
7951,PREPARE,72,34,34,19.95
7956,PREPARE,21,-17,17,18.55
7961,PREPARE,55,17,17,16.70
7966,PREPARE,25,-13,13,16.50
7971,PREPARE,33,-5,5,16.65
7976,PREPARE,24,-14,14,16.95
7981,PREPARE,55,17,17,17.00
7986,PREPARE,20,-18,18,15.05
7991,PREPARE,44,6,6,14.65
7996,PREPARE,18,-20,20,14.75
8001,SQUEEZE,21,-17,17,13.85
8006,SQUEEZE,19,-19,19,13.90
8011,SQUEEZE,26,-12,12,14.15
8016,SQUEEZE,45,7,7,14.45
8022,SQUEEZE,67,29,29,15.20
8027,SQUEEZE,91,53,53,17.45
8032,SQUEEZE,74,36,36,18.25
8037,SQUEEZE,89,51,51,20.40
8042,SQUEEZE,91,53,53,22.05
8047,SQUEEZE,75,37,37,23.75
8052,SQUEEZE,68,30,30,23.55
8057,SQUEEZE,18,-20,20,23.70
8062,SQUEEZE,70,32,32,24.45
8067,SQUEEZE,34,-4,4,24.00
8072,SQUEEZE,96,58,58,26.65
8077,SQUEEZE,77,39,39,27.90
8082,SQUEEZE,166,128,128,33.45
8087,SQUEEZE,21,-17,17,33.40
8092,SQUEEZE,83,45,45,35.35
8097,SQUEEZE,20,-18,18,35.25
8102,SQUEEZE,80,42,42,36.50
8107,SQUEEZE,34,-4,4,35.75
8112,SQUEEZE,52,14,14,35.85
8117,SQUEEZE,64,26,26,36.80
8122,SQUEEZE,71,33,33,37.00
8127,SQUEEZE,34,-4,4,34.55
8132,SQUEEZE,33,-5,5,33.00
8137,SQUEEZE,19,-19,19,31.40
8142,SQUEEZE,62,24,24,29.95
8147,SQUEEZE,105,67,67,31.45
8152,SQUEEZE,100,62,62,33.05
8157,SQUEEZE,53,15,15,32.80
8162,SQUEEZE,130,92,92,35.80
8167,SQUEEZE,64,26,26,36.90
8172,SQUEEZE,82,44,44,36.20
8177,SQUEEZE,27,-11,11,34.80
8182,SQUEEZE,69,31,31,29.95
8187,SQUEEZE,72,34,34,30.80
8192,SQUEEZE,76,38,38,30.45
8197,SQUEEZE,30,-8,8,29.95
8202,SQUEEZE,74,36,36,29.65
8207,SQUEEZE,36,-2,2,29.55
8212,SQUEEZE,57,19,19,29.80
8217,SQUEEZE,19,-19,19,29.45
8222,SQUEEZE,66,28,28,29.20
8227,SQUEEZE,50,12,12,29.60
8232,SQUEEZE,52,14,14,30.05
8237,SQUEEZE,46,8,8,29.50
8242,SQUEEZE,102,64,64,31.50
8247,SQUEEZE,30,-8,8,28.55
8252,SQUEEZE,294,256,256,38.25
8257,SQUEEZE,121,83,83,41.65
8262,SQUEEZE,156,118,118,42.95
8267,SQUEEZE,28,-10,10,42.15
8272,SQUEEZE,94,56,56,42.75
8278,SQUEEZE,23,-15,15,42.95
8283,SQUEEZE,66,28,28,42.80
8288,SQUEEZE,73,35,35,42.85
8293,SQUEEZE,37,-1,1,41.00
8298,SQUEEZE,26,-12,12,41.20
8303,SQUEEZE,74,36,36,41.20
8308,SQUEEZE,93,55,55,43.85
8313,SQUEEZE,93,55,55,45.65
8318,SQUEEZE,128,90,90,49.20
8323,SQUEEZE,127,89,89,52.25
8328,SQUEEZE,100,62,62,54.75
8333,SQUEEZE,237,199,199,64.00
8338,SQUEEZE,87,49,49,66.05
8343,SQUEEZE,123,85,85,67.10
8348,SQUEEZE,26,-12,12,67.30
8353,SQUEEZE,69,31,31,56.05
8358,SQUEEZE,64,26,26,53.20
8363,SQUEEZE,32,-6,6,47.60
8368,SQUEEZE,50,12,12,47.70
8373,SQUEEZE,79,41,41,46.95
8378,SQUEEZE,126,88,88,50.60
8383,SQUEEZE,120,82,82,53.30
8388,SQUEEZE,91,53,53,54.20
8393,SQUEEZE,92,54,54,56.85
8398,SQUEEZE,27,-11,11,56.80
8403,SQUEEZE,70,32,32,56.60
8408,SQUEEZE,51,13,13,54.50
8413,SQUEEZE,65,27,27,53.10
8418,SQUEEZE,32,-6,6,48.90
8423,SQUEEZE,49,11,11,45.00
8428,SQUEEZE,22,-16,16,42.70
8433,SQUEEZE,20,-18,18,33.65
8438,SQUEEZE,17,-21,21,32.25
8443,SQUEEZE,24,-14,14,28.70
8448,SQUEEZE,113,75,75,31.85
8453,SQUEEZE,77,39,39,32.25
8458,SQUEEZE,124,86,86,35.25
8463,SQUEEZE,75,37,37,36.80
8468,SQUEEZE,81,43,43,38.35
8473,SQUEEZE,79,41,41,38.35
8478,SQUEEZE,27,-11,11,34.50
8483,SQUEEZE,112,74,74,34.10
8488,SQUEEZE,118,80,80,35.45
8493,SQUEEZE,111,73,73,36.40
8498,SQUEEZE,79,41,41,37.90
8503,SQUEEZE,126,88,88,40.70
8508,SQUEEZE,74,36,36,41.85
8513,SQUEEZE,159,121,121,46.55
8518,SQUEEZE,84,46,46,48.55
8523,SQUEEZE,156,118,118,53.90
8528,SQUEEZE,22,-16,16,53.90
8534,SQUEEZE,55,17,17,53.85
8539,SQUEEZE,154,116,116,58.60
8544,SQUEEZE,137,99,99,62.85
8549,SQUEEZE,59,21,21,60.15
8554,SQUEEZE,24,-14,14,58.90
8559,SQUEEZE,58,20,20,55.60
8564,SQUEEZE,22,-16,16,54.55
8569,SQUEEZE,47,9,9,52.85
8574,SQUEEZE,32,-6,6,51.10
8579,SQUEEZE,50,12,12,51.15
8584,SQUEEZE,33,-5,5,47.70
8589,SQUEEZE,140,102,102,48.80
8594,SQUEEZE,94,56,56,47.95
8599,SQUEEZE,90,52,52,48.50
8604,SQUEEZE,46,8,8,44.50
8609,SQUEEZE,133,95,95,47.45
8614,SQUEEZE,32,-6,6,41.70
8619,SQUEEZE,29,-9,9,39.85
8624,SQUEEZE,53,15,15,34.70
8629,SQUEEZE,155,117,117,39.75
8634,SQUEEZE,56,18,18,39.80
8639,SQUEEZE,74,36,36,35.80
8644,SQUEEZE,220,182,182,39.95
8649,SQUEEZE,70,32,32,40.50
8654,SQUEEZE,49,11,11,40.35
8659,SQUEEZE,19,-19,19,40.30
8664,SQUEEZE,39,1,1,39.55
8669,SQUEEZE,87,49,49,41.55
8674,SQUEEZE,164,126,126,47.55
8679,SQUEEZE,166,128,128,53.35
8684,SQUEEZE,136,98,98,58.00
8689,SQUEEZE,79,41,41,54.95
8694,SQUEEZE,102,64,64,55.35
8699,SQUEEZE,46,8,8,53.15
8704,SQUEEZE,125,87,87,57.10
8709,SQUEEZE,49,11,11,52.90
8714,SQUEEZE,51,13,13,53.25
8719,SQUEEZE,86,48,48,55.20
8724,SQUEEZE,53,15,15,55.20
8729,SQUEEZE,91,53,53,52.00
8734,SQUEEZE,19,-19,19,52.05
8739,SQUEEZE,102,64,64,53.45
8744,SQUEEZE,55,17,17,45.20
8749,SQUEEZE,52,14,14,44.30
8754,SQUEEZE,35,-3,3,43.90
8759,SQUEEZE,46,8,8,43.35
8764,SQUEEZE,33,-5,5,43.55
8769,SQUEEZE,23,-15,15,41.85
8774,SQUEEZE,51,13,13,36.20
8779,SQUEEZE,58,20,20,30.80
8784,SQUEEZE,31,-7,7,26.25
8790,SQUEEZE,164,126,126,30.50
8795,SQUEEZE,46,8,8,27.70
8800,SQUEEZE,93,55,55,30.05
8805,SQUEEZE,66,28,28,27.10
8810,SQUEEZE,103,65,65,29.80
8815,SQUEEZE,197,159,159,37.10
8820,SQUEEZE,195,157,157,42.55
8825,SQUEEZE,138,100,100,46.80
8830,SQUEEZE,99,61,61,47.20
8835,SQUEEZE,84,46,46,48.55
8840,SQUEEZE,59,21,21,46.40
8845,SQUEEZE,36,-2,2,45.65
8850,SQUEEZE,92,54,54,47.65
8855,SQUEEZE,69,31,31,49.05
8860,SQUEEZE,30,-8,8,49.05
8865,SQUEEZE,94,56,56,51.60
8870,SQUEEZE,85,47,47,53.20
8875,SQUEEZE,93,55,55,55.30
8880,SQUEEZE,19,-19,19,55.25
8885,SQUEEZE,47,9,9,55.35
8890,SQUEEZE,27,-11,11,49.60
8895,SQUEEZE,37,-1,1,49.25
8900,SQUEEZE,27,-11,11,47.05
8905,SQUEEZE,236,198,198,55.55
8910,SQUEEZE,22,-16,16,53.10
8915,SQUEEZE,234,196,196,54.95
8920,SQUEEZE,130,92,92,51.70
8925,SQUEEZE,28,-10,10,47.20
8930,SQUEEZE,146,108,108,49.55
8935,SQUEEZE,71,33,33,48.90
8940,SQUEEZE,61,23,23,49.00
8945,SQUEEZE,201,163,163,57.05
8950,SQUEEZE,98,60,60,57.35
8955,SQUEEZE,55,17,17,56.65
8960,SQUEEZE,44,6,6,56.55
8965,SQUEEZE,19,-19,19,54.70
8970,SQUEEZE,249,211,211,62.90
8975,SQUEEZE,20,-18,18,61.05
8980,SQUEEZE,78,40,40,62.10
8985,SQUEEZE,22,-16,16,62.45
8990,SQUEEZE,150,112,112,67.50
8995,SQUEEZE,36,-2,2,67.55
9000,SQUEEZE,54,16,16,67.80
9005,SQUEEZE,20,-18,18,58.80
9010,SQUEEZE,166,128,128,64.40
9015,SQUEEZE,103,65,65,57.85
9020,SQUEEZE,179,141,141,60.30
9025,SQUEEZE,20,-18,18,60.70
9030,SQUEEZE,197,159,159,63.25
9035,SQUEEZE,68,30,30,63.10
9040,SQUEEZE,153,115,115,67.70
9046,SQUEEZE,20,-18,18,60.45
9051,SQUEEZE,95,57,57,60.30
9056,SQUEEZE,110,72,72,63.05
9061,SQUEEZE,113,75,75,66.50
9066,SQUEEZE,23,-15,15,66.30
9071,SQUEEZE,27,-11,11,56.30
9076,SQUEEZE,80,42,42,57.50
9081,SQUEEZE,21,-17,17,56.35
9086,SQUEEZE,111,73,73,59.20
9091,SQUEEZE,196,158,158,61.50
9096,SQUEEZE,66,28,28,62.80
9101,SQUEEZE,148,110,110,67.50
9106,SQUEEZE,19,-19,19,67.55
9111,SQUEEZE,24,-14,14,61.85
9116,SQUEEZE,23,-15,15,59.35
9121,SQUEEZE,40,2,2,52.40
9126,SQUEEZE,112,74,74,55.20
9131,SQUEEZE,70,32,32,48.85
9136,SQUEEZE,88,50,50,49.85
9141,SQUEEZE,48,10,10,44.60
9146,SQUEEZE,277,239,239,55.65
9151,SQUEEZE,100,62,62,55.90
9156,SQUEEZE,138,100,100,57.30
9161,SQUEEZE,147,109,109,59.00
9166,SQUEEZE,244,206,206,68.55
9171,SQUEEZE,142,104,104,73.20
9176,SQUEEZE,326,288,288,85.50
9181,SQUEEZE,128,90,90,89.15
9186,SQUEEZE,46,8,8,85.90
9191,SQUEEZE,123,85,85,82.25
9196,SQUEEZE,119,81,81,84.90
9201,SQUEEZE,87,49,49,81.85
9206,SQUEEZE,183,145,145,88.15
9211,SQUEEZE,65,27,27,88.80
9216,SQUEEZE,145,107,107,93.40
9221,SQUEEZE,45,7,7,93.65
9226,SQUEEZE,191,153,153,97.60
9231,SQUEEZE,99,61,61,99.05
9236,SQUEEZE,125,87,87,100.90
9241,SQUEEZE,128,90,90,104.90
9246,SQUEEZE,73,35,35,94.70
9251,SQUEEZE,83,45,45,93.85
9256,SQUEEZE,48,10,10,89.35
9261,SQUEEZE,112,74,74,87.60
9266,SQUEEZE,35,-3,3,77.45
9271,SQUEEZE,44,6,6,72.55
9276,SQUEEZE,139,101,101,63.20
9281,SQUEEZE,44,6,6,59.00
9286,SQUEEZE,42,4,4,58.80
9291,SQUEEZE,62,24,24,55.75
9296,SQUEEZE,129,91,91,56.25
9302,SQUEEZE,131,93,93,58.45
9307,SQUEEZE,87,49,49,53.65
9312,SQUEEZE,61,23,23,53.45
9317,SQUEEZE,61,23,23,49.25
9322,SQUEEZE,48,10,10,49.40
9327,SQUEEZE,131,93,93,46.40
9332,SQUEEZE,87,49,49,45.80
9337,SQUEEZE,75,37,37,43.30
9342,SQUEEZE,236,198,198,48.70
9347,SQUEEZE,156,118,118,52.85
9352,SQUEEZE,27,-11,11,51.15
9357,SQUEEZE,181,143,143,57.80
9362,SQUEEZE,33,-5,5,54.35
9367,SQUEEZE,221,183,183,63.35
9372,SQUEEZE,82,44,44,65.25
9377,SQUEEZE,85,47,47,62.55
9382,SQUEEZE,130,92,92,66.85
9387,SQUEEZE,45,7,7,67.00
9392,SQUEEZE,188,150,150,73.30
9397,SQUEEZE,53,15,15,69.50
9402,SQUEEZE,45,7,7,65.20
9407,SQUEEZE,120,82,82,66.85
9412,SQUEEZE,80,42,42,67.80
9417,SQUEEZE,86,48,48,69.05
9422,SQUEEZE,160,122,122,74.65
9427,SQUEEZE,144,106,106,75.30
9432,SQUEEZE,152,114,114,78.55
9437,SQUEEZE,19,-19,19,77.65
9442,SQUEEZE,19,-19,19,68.70
9447,SQUEEZE,101,63,63,65.95
9452,SQUEEZE,81,43,43,67.55
9457,SQUEEZE,118,80,80,64.40
9462,SQUEEZE,67,29,29,65.60
9467,SQUEEZE,19,-19,19,57.40
9472,SQUEEZE,143,105,105,60.45
9477,SQUEEZE,22,-16,16,58.90
9482,SQUEEZE,34,-4,4,54.50
9487,SQUEEZE,176,138,138,61.05
9492,SQUEEZE,173,135,135,60.30
9497,SQUEEZE,203,165,165,67.80
9502,SQUEEZE,72,34,34,69.15
9507,SQUEEZE,217,179,179,74.00
9512,SQUEEZE,278,240,240,83.90
9517,SQUEEZE,304,266,266,94.80
9522,SQUEEZE,242,204,204,98.90
9527,SQUEEZE,53,15,15,94.35
9532,SQUEEZE,113,75,75,92.40
9537,SQUEEZE,37,-1,1,91.50
9542,SQUEEZE,26,-12,12,91.15
9547,SQUEEZE,17,-21,21,89.05
9552,SQUEEZE,167,129,129,93.35
9558,SQUEEZE,104,66,66,92.65
9563,SQUEEZE,239,201,201,101.25
9568,SQUEEZE,43,5,5,100.55
9573,SQUEEZE,256,218,218,106.20
9578,SQUEEZE,79,41,41,107.45
9583,SQUEEZE,99,61,61,110.30
9588,SQUEEZE,93,55,55,106.15
9593,SQUEEZE,53,15,15,100.15
9598,SQUEEZE,180,142,142,99.00
9603,SQUEEZE,47,9,9,97.75
9608,SQUEEZE,140,102,102,93.90
9613,SQUEEZE,23,-15,15,82.65
9618,SQUEEZE,104,66,66,72.65
9623,SQUEEZE,119,81,81,66.50
9628,SQUEEZE,191,153,153,73.40
9633,SQUEEZE,38,0,0,69.65
9638,SQUEEZE,21,-17,17,70.45
9643,SQUEEZE,119,81,81,73.90
9648,SQUEEZE,129,91,91,77.40
9653,SQUEEZE,227,189,189,80.40
9658,SQUEEZE,87,49,49,79.55
9663,SQUEEZE,142,104,104,74.70
9668,SQUEEZE,52,14,14,75.15
9673,SQUEEZE,333,295,295,79.00
9678,SQUEEZE,78,40,40,78.95
9683,SQUEEZE,97,59,59,78.85
9688,SQUEEZE,217,179,179,85.05
9693,SQUEEZE,20,-18,18,85.20
9698,SQUEEZE,83,45,45,80.35
9703,SQUEEZE,125,87,87,84.25
9708,SQUEEZE,122,84,84,83.35
9713,SQUEEZE,106,68,68,86.00
9718,SQUEEZE,97,59,59,85.65
9723,SQUEEZE,43,5,5,81.85
9728,SQUEEZE,92,54,54,76.90
9733,SQUEEZE,162,124,124,83.10
9738,SQUEEZE,62,24,24,83.45
9743,SQUEEZE,346,308,308,94.80
9748,SQUEEZE,123,85,85,94.50
9753,SQUEEZE,93,55,55,87.80
9758,SQUEEZE,49,11,11,85.90
9763,SQUEEZE,115,77,77,84.55
9768,SQUEEZE,216,178,178,92.75
9773,SQUEEZE,88,50,50,80.50
9778,SQUEEZE,28,-10,10,79.00
9783,SQUEEZE,78,40,40,78.05
9788,SQUEEZE,145,107,107,74.45
9793,SQUEEZE,110,72,72,77.15
9798,SQUEEZE,54,16,16,75.70
9803,SQUEEZE,90,52,52,73.95
9808,SQUEEZE,88,50,50,72.25
9814,SQUEEZE,168,130,130,75.35
9819,SQUEEZE,119,81,81,76.45
9824,SQUEEZE,133,95,95,80.95
9829,SQUEEZE,316,278,278,92.15
9834,SQUEEZE,130,92,92,90.55
9839,SQUEEZE,155,117,117,95.20
9844,SQUEEZE,47,9,9,80.25
9849,SQUEEZE,192,154,154,83.70
9854,SQUEEZE,161,123,123,87.10
9859,SQUEEZE,86,48,48,88.95
9864,SQUEEZE,25,-13,13,85.75
9869,SQUEEZE,70,32,32,78.45
9874,SQUEEZE,176,138,138,82.85
9879,SQUEEZE,112,74,74,86.05
9884,SQUEEZE,100,62,62,87.15
9889,SQUEEZE,224,186,186,91.10
9894,SQUEEZE,62,24,24,88.70
9899,SQUEEZE,173,135,135,94.65
9904,SQUEEZE,99,61,61,95.10
9909,SQUEEZE,100,62,62,95.70
9914,SQUEEZE,348,310,310,104.70
9919,SQUEEZE,231,193,193,110.30
9924,SQUEEZE,262,224,224,116.75
9929,SQUEEZE,97,59,59,105.80
9934,SQUEEZE,224,186,186,110.50
9939,SQUEEZE,54,16,16,105.45
9944,SQUEEZE,213,175,175,113.75
9949,SQUEEZE,155,117,117,111.90
9954,SQUEEZE,47,9,9,106.20
9959,SQUEEZE,21,-17,17,104.65
9964,SQUEEZE,32,-6,6,104.30
9969,SQUEEZE,24,-14,14,103.40
9974,SQUEEZE,125,87,87,100.85
9979,SQUEEZE,94,56,56,99.95
9984,SQUEEZE,173,135,135,103.60
9989,SQUEEZE,24,-14,14,95.00
9994,SQUEEZE,22,-16,16,94.60
9999,SQUEEZE,112,74,74,91.55
10004,SQUEEZE,78,40,40,90.50
10009,SQUEEZE,38,0,0,87.40
10014,SQUEEZE,54,16,16,72.70
10019,SQUEEZE,20,-18,18,63.95
10024,SQUEEZE,94,56,56,55.55
10029,SQUEEZE,40,2,2,52.70
10034,SQUEEZE,64,26,26,44.70
10039,SQUEEZE,147,109,109,49.35
10044,SQUEEZE,108,70,70,44.10
10049,SQUEEZE,117,79,79,42.20
10054,SQUEEZE,128,90,90,46.25
10059,SQUEEZE,41,3,3,45.55
10064,SQUEEZE,54,16,16,46.05
10070,SQUEEZE,140,102,102,50.45
10075,SQUEEZE,191,153,153,53.75
10080,SQUEEZE,331,293,293,65.60
10085,SQUEEZE,187,149,149,66.30
10090,SQUEEZE,175,137,137,72.45
10095,SQUEEZE,85,47,47,74.00
10100,SQUEEZE,22,-16,16,71.10
10105,SQUEEZE,39,1,1,69.15
10110,SQUEEZE,20,-18,18,70.05
10115,SQUEEZE,45,7,7,69.60
10120,SQUEEZE,80,42,42,70.80
10125,SQUEEZE,37,-1,1,68.05
10130,SQUEEZE,148,110,110,73.45
10135,SQUEEZE,56,18,18,73.05
10140,SQUEEZE,40,2,2,67.70
10145,SQUEEZE,149,111,111,69.75
10150,SQUEEZE,120,82,82,69.90
10155,SQUEEZE,248,210,210,75.90
10160,SQUEEZE,112,74,74,79.45
10165,SQUEEZE,199,161,161,86.70
10170,SQUEEZE,105,67,67,84.95
10175,SQUEEZE,173,135,135,84.05
10180,SQUEEZE,36,-2,2,69.50
10185,SQUEEZE,137,99,99,67.00
10190,SQUEEZE,126,88,88,64.55
10195,SQUEEZE,95,57,57,65.05
10200,SQUEEZE,89,51,51,66.80
10205,SQUEEZE,96,58,58,69.65
10210,SQUEEZE,61,23,23,69.90
10215,SQUEEZE,109,71,71,73.10
10220,SQUEEZE,47,9,9,71.45
10225,SQUEEZE,37,-1,1,71.45
10230,SQUEEZE,33,-5,5,66.20
10235,SQUEEZE,125,87,87,69.65
10240,SQUEEZE,77,39,39,71.50
10245,SQUEEZE,27,-11,11,66.50
10250,SQUEEZE,52,14,14,63.10
10255,SQUEEZE,21,-17,17,53.45
10260,SQUEEZE,72,34,34,51.45
10265,SQUEEZE,130,92,92,48.00
10270,SQUEEZE,64,26,26,45.95
10275,SQUEEZE,83,45,45,41.45
10280,SQUEEZE,30,-8,8,41.75
10285,SQUEEZE,85,47,47,39.15
10290,SQUEEZE,115,77,77,38.60
10295,SQUEEZE,62,24,24,36.95
10300,SQUEEZE,19,-19,19,35.35
10305,SQUEEZE,134,96,96,37.25
10310,SQUEEZE,41,3,3,36.25
10315,SQUEEZE,117,79,79,36.65
10320,SQUEEZE,176,138,138,43.10
10326,SQUEEZE,96,58,58,45.95
10331,SQUEEZE,30,-8,8,46.10
10336,SQUEEZE,103,65,65,45.00
10341,SQUEEZE,40,2,2,43.15
10346,SQUEEZE,63,25,25,43.85
10351,SQUEEZE,62,24,24,44.35
10356,SQUEEZE,55,17,17,44.35
10361,SQUEEZE,68,30,30,44.15
10366,SQUEEZE,240,202,202,49.65
10371,SQUEEZE,250,212,212,58.95
10376,SQUEEZE,198,160,160,64.70
10381,SQUEEZE,25,-13,13,64.95
10386,SQUEEZE,151,113,113,68.25
10391,SQUEEZE,28,-10,10,64.90
10396,SQUEEZE,177,139,139,70.65
10401,SQUEEZE,70,32,32,71.30
10406,SQUEEZE,107,69,69,69.95
10411,SQUEEZE,76,38,38,71.70
10416,SQUEEZE,20,-18,18,68.65
10421,SQUEEZE,25,-13,13,62.40
10426,SQUEEZE,135,97,97,64.35
10431,SQUEEZE,20,-18,18,64.85
10436,SQUEEZE,115,77,77,65.45
10441,SQUEEZE,179,141,141,72.40
10446,SQUEEZE,152,114,114,76.85
10451,SQUEEZE,89,51,51,78.20
10456,SQUEEZE,21,-17,17,78.20
10461,SQUEEZE,101,63,63,79.85
10466,SQUEEZE,23,-15,15,70.50
10471,SQUEEZE,141,103,103,65.05
10476,SQUEEZE,82,44,44,59.25
10481,SQUEEZE,19,-19,19,59.55
10486,SQUEEZE,39,1,1,53.95
10491,SQUEEZE,76,38,38,55.35
10496,SQUEEZE,50,12,12,49.00
10501,SQUEEZE,58,20,20,48.40
10506,SQUEEZE,164,126,126,51.25
10511,SQUEEZE,125,87,87,53.70
10516,SQUEEZE,21,-17,17,53.65
10521,SQUEEZE,36,-2,2,53.10
10526,SQUEEZE,59,21,21,49.30
10531,SQUEEZE,56,18,18,49.30
10536,SQUEEZE,45,7,7,45.80
10541,SQUEEZE,22,-16,16,39.55
10546,SQUEEZE,106,68,68,37.25
10551,SQUEEZE,48,10,10,35.20
10556,SQUEEZE,122,84,84,38.55
10561,SQUEEZE,51,13,13,36.05
10566,SQUEEZE,29,-9,9,35.75
10571,SQUEEZE,198,160,160,38.60
10576,SQUEEZE,177,139,139,43.35
10582,SQUEEZE,52,14,14,43.10
10587,SQUEEZE,105,67,67,46.40
10592,SQUEEZE,19,-19,19,45.45
10597,SQUEEZE,53,15,15,45.60
10602,SQUEEZE,134,96,96,49.40
10607,SQUEEZE,292,254,254,55.80
10612,SQUEEZE,52,14,14,52.15
10617,SQUEEZE,211,173,173,59.95
10622,SQUEEZE,20,-18,18,60.75
10627,SQUEEZE,106,68,68,63.10
10632,SQUEEZE,44,6,6,62.50
10637,SQUEEZE,120,82,82,66.25
10642,SQUEEZE,105,67,67,68.80
10647,SQUEEZE,25,-13,13,66.05
10652,SQUEEZE,60,22,22,66.65
10657,SQUEEZE,67,29,29,63.90
10662,SQUEEZE,110,72,72,66.85
10667,SQUEEZE,25,-13,13,67.05
10672,SQUEEZE,176,138,138,65.95
10677,SQUEEZE,25,-13,13,59.65
10682,SQUEEZE,192,154,154,66.65
10687,SQUEEZE,49,11,11,63.85
10692,SQUEEZE,148,110,110,68.40
10697,SQUEEZE,153,115,115,73.40
10702,SQUEEZE,220,182,182,77.70
10707,SQUEEZE,105,67,67,68.35
10712,SQUEEZE,36,-2,2,67.75
10717,SQUEEZE,120,82,82,63.20
10722,SQUEEZE,40,2,2,62.40
10727,SQUEEZE,20,-18,18,59.90
10732,SQUEEZE,44,6,6,59.90
10737,SQUEEZE,56,18,18,56.70
10742,SQUEEZE,123,85,85,57.60
10747,SQUEEZE,77,39,39,58.90
10752,SQUEEZE,108,70,70,61.30
10757,SQUEEZE,105,67,67,63.20
10762,SQUEEZE,58,20,20,60.60
10767,SQUEEZE,76,38,38,61.85
10772,SQUEEZE,27,-11,11,55.50
10777,SQUEEZE,23,-15,15,55.60
10782,SQUEEZE,172,134,134,54.60
10787,SQUEEZE,64,26,26,55.35
10792,SQUEEZE,106,68,68,53.25
10797,SQUEEZE,150,112,112,53.10
10802,SQUEEZE,22,-16,16,44.80
10807,SQUEEZE,273,235,235,53.20
10812,SQUEEZE,125,87,87,57.45
10817,SQUEEZE,216,178,178,62.25
10822,SQUEEZE,100,62,62,65.25
10827,SQUEEZE,114,76,76,68.15
10832,SQUEEZE,27,-11,11,68.40
10838,SQUEEZE,113,75,75,71.25
10843,SQUEEZE,68,30,30,68.50
10848,SQUEEZE,69,31,31,68.10
10853,SQUEEZE,54,16,16,65.40
10858,SQUEEZE,144,106,106,67.35
10863,SQUEEZE,43,5,5,66.60
10868,SQUEEZE,156,118,118,70.60
10873,SQUEEZE,72,34,34,71.75
10878,SQUEEZE,108,70,70,74.50
10883,SQUEEZE,37,-1,1,67.85
10888,SQUEEZE,78,40,40,68.55
10893,SQUEEZE,127,89,89,69.60
10898,SQUEEZE,157,119,119,69.95
10903,SQUEEZE,86,48,48,71.55
10908,SQUEEZE,109,71,71,63.35
10913,SQUEEZE,23,-15,15,59.75
10918,SQUEEZE,29,-9,9,51.30
10923,SQUEEZE,20,-18,18,49.10
10928,SQUEEZE,30,-8,8,45.70
10933,SQUEEZE,101,63,63,48.30
10938,SQUEEZE,19,-19,19,45.50
10943,SQUEEZE,108,70,70,47.50
10948,SQUEEZE,50,12,12,46.55
10953,SQUEEZE,29,-9,9,46.20
10958,SQUEEZE,85,47,47,43.25
10963,SQUEEZE,80,42,42,45.10
10968,SQUEEZE,99,61,61,42.25
10973,SQUEEZE,247,209,209,51.00
10978,SQUEEZE,18,-20,20,48.50
10983,SQUEEZE,69,31,31,50.00
10988,SQUEEZE,77,39,39,49.95
10993,SQUEEZE,102,64,64,48.70
10998,SQUEEZE,126,88,88,47.15
11003,SQUEEZE,342,304,304,59.95
11008,SQUEEZE,34,-4,4,56.60
11013,SQUEEZE,157,119,119,61.80
11018,SQUEEZE,68,30,30,62.85
11023,SQUEEZE,276,238,238,73.85
11028,SQUEEZE,185,147,147,80.80
11033,SQUEEZE,213,175,175,86.40
11038,SQUEEZE,242,204,204,95.65
11043,SQUEEZE,111,73,73,95.80
11048,SQUEEZE,235,197,197,105.05
11053,SQUEEZE,141,103,103,109.75
11058,SQUEEZE,103,65,65,110.65
11063,SQUEEZE,31,-7,7,108.90
11068,SQUEEZE,73,35,35,107.60
11073,SQUEEZE,25,-13,13,97.80
11078,SQUEEZE,359,321,321,112.85
11083,SQUEEZE,173,135,135,118.05
11088,SQUEEZE,256,218,218,127.00
11094,SQUEEZE,50,12,12,124.40
11099,SQUEEZE,62,24,24,121.20
11104,SQUEEZE,220,182,182,115.10
11109,SQUEEZE,67,29,29,116.35
11114,SQUEEZE,183,145,145,117.65
11119,SQUEEZE,63,25,25,117.40
11124,SQUEEZE,37,-1,1,105.55
11129,SQUEEZE,28,-10,10,98.70
11134,SQUEEZE,236,198,198,99.85
11139,SQUEEZE,338,300,300,104.65
11144,SQUEEZE,88,50,50,103.50
11149,SQUEEZE,101,63,63,96.80
11154,SQUEEZE,233,195,195,101.40
11159,SQUEEZE,32,-6,6,98.45
11164,SQUEEZE,111,73,73,101.75
11169,SQUEEZE,65,27,27,101.35
11174,SQUEEZE,19,-19,19,101.65
11179,SQUEEZE,367,329,329,102.05
11184,SQUEEZE,134,96,96,100.10
11189,SQUEEZE,337,299,299,104.15
11194,SQUEEZE,213,175,175,112.30
11199,SQUEEZE,202,164,164,119.30
11204,SQUEEZE,73,35,35,111.95
11209,SQUEEZE,219,181,181,119.55
11214,SQUEEZE,42,4,4,112.50
11219,SQUEEZE,87,49,49,113.70
11224,SQUEEZE,135,97,97,118.50
11229,SQUEEZE,19,-19,19,118.95
11234,SQUEEZE,103,65,65,112.30
11239,SQUEEZE,101,63,63,100.45
11244,SQUEEZE,70,32,32,99.55
11249,SQUEEZE,233,195,195,106.15
11254,SQUEEZE,19,-19,19,97.35
11259,SQUEEZE,130,92,92,101.65
11264,SQUEEZE,151,113,113,103.65
11269,SQUEEZE,114,76,76,106.10
11274,SQUEEZE,132,94,94,109.85
11279,SQUEEZE,250,212,212,104.00
11284,SQUEEZE,91,53,53,101.85
11289,SQUEEZE,26,-12,12,87.50
11294,SQUEEZE,174,136,136,85.55
11299,SQUEEZE,86,48,48,79.75
11304,SQUEEZE,107,69,69,81.45
11309,SQUEEZE,85,47,47,74.75
11314,SQUEEZE,58,20,20,75.55
11319,SQUEEZE,18,-20,20,74.10
11324,SQUEEZE,193,155,155,77.00
11329,SQUEEZE,35,-3,3,76.20
11334,SQUEEZE,102,64,64,76.15
11339,SQUEEZE,49,11,11,73.55
11344,SQUEEZE,38,0,0,71.95
11350,SQUEEZE,315,277,277,76.05
11355,SQUEEZE,113,75,75,78.85
11360,SQUEEZE,400,362,362,92.35
11365,SQUEEZE,67,29,29,88.15
11370,SQUEEZE,188,150,150,91.85
11375,SQUEEZE,206,168,168,95.55
11380,SQUEEZE,208,170,170,93.45
11385,SQUEEZE,63,25,25,92.05
11390,SQUEEZE,49,11,11,92.00
11395,SQUEEZE,119,81,81,89.25
11400,SQUEEZE,108,70,70,90.35
11405,SQUEEZE,39,1,1,86.95
11410,SQUEEZE,277,239,239,96.55
11415,SQUEEZE,105,67,67,98.90
11420,SQUEEZE,37,-1,1,97.95
11425,SQUEEZE,222,184,184,99.40
11430,SQUEEZE,122,84,84,103.45
11435,SQUEEZE,157,119,119,106.20
11440,SQUEEZE,111,73,73,109.30
11445,SQUEEZE,24,-14,14,110.00
11450,SQUEEZE,89,51,51,98.70
11455,SQUEEZE,112,74,74,98.65
11460,SQUEEZE,96,58,58,83.45
11465,SQUEEZE,178,140,140,89.00
11470,SQUEEZE,18,-20,20,82.50
11475,SQUEEZE,241,203,203,84.25
11480,SQUEEZE,180,142,142,82.85
11485,SQUEEZE,388,350,350,99.10
11490,SQUEEZE,61,23,23,99.70
11495,SQUEEZE,175,137,137,102.50
11500,SQUEEZE,155,117,117,104.85
11505,SQUEEZE,279,241,241,116.85
11510,SQUEEZE,32,-6,6,105.20
11515,SQUEEZE,119,81,81,105.90
11520,SQUEEZE,84,46,46,108.15
11525,SQUEEZE,216,178,178,107.85
11530,SQUEEZE,113,75,75,107.40
11535,SQUEEZE,249,211,211,112.00
11540,SQUEEZE,79,41,41,110.40
11545,SQUEEZE,104,66,66,113.00
11550,SQUEEZE,132,94,94,115.15
11555,SQUEEZE,76,38,38,113.35
11560,SQUEEZE,18,-20,20,111.45
11565,SQUEEZE,29,-9,9,104.90
11570,SQUEEZE,120,82,82,108.00
11575,SQUEEZE,25,-13,13,98.50
11580,SQUEEZE,156,118,118,97.30
11585,SQUEEZE,22,-16,16,80.60
11590,SQUEEZE,169,131,131,86.00
11595,SQUEEZE,41,3,3,79.30
11600,SQUEEZE,44,6,6,73.75
11606,SQUEEZE,154,116,116,67.50
11611,SQUEEZE,72,34,34,68.90
11616,SQUEEZE,348,310,310,80.35
11621,SQUEEZE,193,155,155,85.80
11626,SQUEEZE,183,145,145,84.15
11631,SQUEEZE,107,69,69,83.85
11636,SQUEEZE,187,149,149,80.75
11641,SQUEEZE,51,13,13,79.35
11646,SQUEEZE,192,154,154,83.75
11651,SQUEEZE,72,34,34,80.75
11656,SQUEEZE,185,147,147,86.20
11661,SQUEEZE,202,164,164,93.40
11666,SQUEEZE,268,230,230,104.45
11671,SQUEEZE,42,4,4,100.55
11676,SQUEEZE,31,-7,7,100.25
11681,SQUEEZE,64,26,26,95.65
11686,SQUEEZE,28,-10,10,95.35
11691,SQUEEZE,36,-2,2,88.90
11696,SQUEEZE,163,125,125,95.00
11701,SQUEEZE,72,34,34,96.40
11706,SQUEEZE,27,-11,11,91.15
11711,SQUEEZE,163,125,125,95.70
11716,SQUEEZE,71,33,33,81.85
11721,SQUEEZE,142,104,104,79.30
11726,SQUEEZE,87,49,49,74.50
11731,SQUEEZE,312,274,274,84.75
11736,SQUEEZE,280,242,242,89.40
11741,SQUEEZE,129,91,91,93.30
11746,SQUEEZE,171,133,133,92.25
11751,SQUEEZE,71,33,33,92.20
11756,SQUEEZE,126,88,88,89.25
11761,SQUEEZE,113,75,75,84.80
11766,SQUEEZE,196,158,158,81.20
11771,SQUEEZE,92,54,54,83.70
11776,SQUEEZE,210,172,172,91.95
11781,SQUEEZE,76,38,38,92.55
11786,SQUEEZE,35,-3,3,92.20
11791,SQUEEZE,148,110,110,97.60
11796,SQUEEZE,322,284,284,105.55
11801,SQUEEZE,154,116,116,109.65
11806,SQUEEZE,338,300,300,124.10
11811,SQUEEZE,52,14,14,118.55
11816,SQUEEZE,141,103,103,122.05
11821,SQUEEZE,83,45,45,119.10
11826,SQUEEZE,21,-17,17,117.50
11831,SQUEEZE,60,22,22,104.90
11836,SQUEEZE,283,245,245,105.05
11841,SQUEEZE,27,-11,11,101.05
11846,SQUEEZE,77,39,39,96.35
11851,SQUEEZE,144,106,106,100.00
11856,SQUEEZE,104,66,66,98.90
11862,SQUEEZE,37,-1,1,95.20
11867,SQUEEZE,53,15,15,88.05
11872,SQUEEZE,451,413,413,106.00
11877,SQUEEZE,526,488,488,121.80
11882,SQUEEZE,50,12,12,120.50
11887,SQUEEZE,39,1,1,120.40
11892,SQUEEZE,73,35,35,116.65
11897,SQUEEZE,79,41,41,104.50
11902,SQUEEZE,126,88,88,103.10
11907,SQUEEZE,41,3,3,88.25
11912,SQUEEZE,54,16,16,88.35
11917,SQUEEZE,121,83,83,87.35
11922,SQUEEZE,18,-20,20,86.10
11927,SQUEEZE,67,29,29,86.70
11932,SQUEEZE,63,25,25,86.85
11937,SQUEEZE,86,48,48,77.00
11942,SQUEEZE,116,78,78,80.35
11947,SQUEEZE,66,28,28,79.80
11952,SQUEEZE,18,-20,20,75.50
11957,SQUEEZE,38,0,0,72.20
11962,SQUEEZE,97,59,59,75.10
11967,SQUEEZE,74,36,36,76.15
11972,SQUEEZE,105,67,67,58.85
11977,SQUEEZE,115,77,77,38.30
11982,SQUEEZE,106,68,68,41.10
11987,SQUEEZE,60,22,22,42.15
11992,SQUEEZE,28,-10,10,40.90
11997,SQUEEZE,83,45,45,41.10
12002,SQUEEZE,117,79,79,40.65
12007,SQUEEZE,181,143,143,47.65
12012,SQUEEZE,19,-19,19,47.80
12017,SQUEEZE,151,113,113,49.30
12022,SQUEEZE,148,110,110,53.80
12027,SQUEEZE,35,-3,3,52.50
12032,SQUEEZE,28,-10,10,51.75
12037,SQUEEZE,97,59,59,52.30
12042,SQUEEZE,51,13,13,49.05
12047,SQUEEZE,93,55,55,50.40
12052,SQUEEZE,100,62,62,52.50
12057,SQUEEZE,94,56,56,55.30
12062,SQUEEZE,111,73,73,56.00
12067,SQUEEZE,32,-6,6,54.50
12072,SQUEEZE,138,100,100,56.15
12077,SQUEEZE,169,131,131,58.85
12082,SQUEEZE,167,129,129,61.90
12087,SQUEEZE,428,390,390,80.30
12092,SQUEEZE,48,10,10,80.30
12097,SQUEEZE,81,43,43,80.20
12102,SQUEEZE,98,60,60,79.25
12107,SQUEEZE,66,28,28,73.50
12112,SQUEEZE,36,-2,2,72.65
12118,SQUEEZE,126,88,88,71.40
12123,SQUEEZE,92,54,54,68.60
12128,SQUEEZE,154,116,116,74.25
12133,SQUEEZE,118,80,80,77.75
12138,SQUEEZE,323,285,285,89.05
12143,SQUEEZE,32,-6,6,88.70
12148,SQUEEZE,628,590,590,115.45
12153,SQUEEZE,74,36,36,114.15
12158,SQUEEZE,449,411,411,131.90
12163,SQUEEZE,224,186,186,137.55
12168,SQUEEZE,373,335,335,154.00
12173,SQUEEZE,22,-16,16,149.80
12178,SQUEEZE,29,-9,9,143.70
12183,SQUEEZE,19,-19,19,138.20
12188,SQUEEZE,46,8,8,119.10
12193,SQUEEZE,38,0,0,118.60
12198,SQUEEZE,23,-15,15,117.20
12203,SQUEEZE,217,179,179,123.15
12208,SQUEEZE,463,425,425,143.00
12213,SQUEEZE,607,569,569,171.35
12218,SQUEEZE,391,353,353,184.60
12223,SQUEEZE,95,57,57,184.75
12228,SQUEEZE,272,234,234,190.65
12233,SQUEEZE,210,172,172,195.25
12238,SQUEEZE,42,4,4,181.20
12243,SQUEEZE,92,54,54,183.60
12248,SQUEEZE,149,111,111,159.65
12253,SQUEEZE,26,-12,12,158.45
12258,SQUEEZE,207,169,169,146.35
12263,SQUEEZE,36,-2,2,137.15
12268,SQUEEZE,46,8,8,120.80
12273,SQUEEZE,104,66,66,123.30
12278,SQUEEZE,203,165,165,131.10
12283,SQUEEZE,302,264,264,143.35
12288,SQUEEZE,169,131,131,149.50
12293,SQUEEZE,319,281,281,163.55
12298,SQUEEZE,128,90,90,167.30
12303,SQUEEZE,160,122,122,164.45
12308,SQUEEZE,158,120,120,149.20
12313,SQUEEZE,178,140,140,127.75
12318,SQUEEZE,250,212,212,120.70
12323,SQUEEZE,133,95,95,122.60
12328,SQUEEZE,52,14,14,111.60
12333,SQUEEZE,57,19,19,103.95
12338,SQUEEZE,38,0,0,103.75
12343,SQUEEZE,170,132,132,107.65
12348,SQUEEZE,257,219,219,113.05
12353,SQUEEZE,100,62,62,115.55
12358,SQUEEZE,23,-15,15,107.85
12363,SQUEEZE,288,250,250,120.25
12368,SQUEEZE,272,234,234,131.55
12374,SQUEEZE,247,209,209,138.70
12379,SQUEEZE,99,61,61,133.50
12384,SQUEEZE,45,7,7,120.65
12389,SQUEEZE,380,342,342,131.20
12394,SQUEEZE,24,-14,14,117.85
12399,SQUEEZE,301,263,263,126.50
12404,SQUEEZE,119,81,81,124.45
12409,SQUEEZE,119,81,81,122.50
12414,SQUEEZE,182,144,144,122.70
12419,SQUEEZE,38,0,0,112.10
12424,SQUEEZE,200,162,162,115.45
12429,SQUEEZE,93,55,55,117.50
12434,SQUEEZE,153,115,115,122.30
12439,SQUEEZE,316,278,278,136.20
12444,SQUEEZE,516,478,478,153.50
12449,SQUEEZE,70,32,32,144.15
12454,SQUEEZE,93,55,55,143.80
12459,SQUEEZE,47,9,9,143.50
12464,SQUEEZE,309,271,271,144.55
12469,SQUEEZE,108,70,70,136.35
12474,SQUEEZE,455,417,417,146.75
12479,SQUEEZE,92,54,54,146.40
12484,SQUEEZE,62,24,24,147.25
12489,SQUEEZE,166,128,128,136.55
12494,SQUEEZE,320,282,282,149.95
12499,SQUEEZE,480,442,442,158.90
12504,SQUEEZE,270,232,232,166.45
12509,SQUEEZE,49,11,11,162.95
12514,SQUEEZE,690,652,652,188.35
12519,SQUEEZE,187,149,149,195.80
12524,SQUEEZE,477,439,439,209.65
12529,SQUEEZE,319,281,281,220.95
12534,SQUEEZE,141,103,103,220.35
12539,SQUEEZE,45,7,7,206.80
12544,SQUEEZE,184,146,146,190.20
12549,SQUEEZE,420,382,382,207.70
12554,SQUEEZE,302,264,264,218.15
12559,SQUEEZE,444,406,406,238.00
12564,SQUEEZE,524,486,486,248.75
12569,SQUEEZE,61,23,23,246.40
12574,SQUEEZE,125,87,87,229.90
12579,SQUEEZE,221,183,183,236.35
12584,SQUEEZE,120,82,82,239.25
12589,SQUEEZE,238,200,200,242.85
12594,SQUEEZE,93,55,55,231.50
12599,SQUEEZE,80,42,42,211.50
12604,SQUEEZE,151,113,113,205.55
12609,SQUEEZE,281,243,243,217.15
12614,SQUEEZE,218,180,180,193.55
12619,SQUEEZE,318,280,280,200.10
12624,SQUEEZE,228,190,190,187.65
12630,SQUEEZE,96,58,58,176.50
12635,SQUEEZE,139,101,101,176.40
12640,SQUEEZE,40,2,2,176.15
12645,SQUEEZE,28,-10,10,169.35
12650,SQUEEZE,380,342,342,167.35
12655,SQUEEZE,184,146,146,161.45
12660,SQUEEZE,285,247,247,153.50
12665,SQUEEZE,67,29,29,130.65
12670,SQUEEZE,84,46,46,131.80
12675,SQUEEZE,169,131,131,134.00
12680,SQUEEZE,31,-7,7,125.20
12685,SQUEEZE,46,8,8,121.50
12690,SQUEEZE,56,18,18,112.40
12695,SQUEEZE,62,24,24,110.85
12700,SQUEEZE,85,47,47,111.10
12705,SQUEEZE,46,8,8,105.85
12710,SQUEEZE,21,-17,17,94.55
12715,SQUEEZE,238,200,200,95.55
12720,SQUEEZE,259,221,221,92.60
12725,SQUEEZE,404,366,366,101.40
12730,SQUEEZE,152,114,114,104.20
12735,SQUEEZE,163,125,125,105.40
12740,SQUEEZE,142,104,104,110.50
12745,SQUEEZE,60,22,22,111.10
12750,SQUEEZE,339,301,301,109.05
12755,SQUEEZE,105,67,67,105.10
12760,SQUEEZE,214,176,176,101.55
12765,SQUEEZE,90,52,52,102.70
12770,SQUEEZE,121,83,83,104.55
12775,SQUEEZE,325,287,287,112.35
12780,SQUEEZE,365,327,327,128.35
12785,SQUEEZE,137,99,99,132.90
12790,SQUEEZE,113,75,75,135.75
12795,SQUEEZE,243,205,205,144.80
12800,SQUEEZE,331,293,293,157.10
12805,SQUEEZE,377,339,339,173.65
12810,SQUEEZE,241,203,203,182.95
12815,SQUEEZE,229,191,191,182.50
12820,SQUEEZE,299,261,261,184.50
12825,SQUEEZE,341,303,303,181.35
12830,SQUEEZE,304,266,266,188.95
12835,SQUEEZE,130,92,92,187.30
12840,SQUEEZE,435,397,397,201.95
12845,SQUEEZE,106,68,68,204.25
12850,SQUEEZE,400,362,362,207.30
12855,SQUEEZE,19,-19,19,204.90
12860,SQUEEZE,28,-10,10,196.60
12865,SQUEEZE,227,189,189,203.45
12870,SQUEEZE,229,191,191,208.85
12875,SQUEEZE,130,92,92,199.10
12880,SQUEEZE,180,142,142,189.85
12886,SQUEEZE,268,230,230,196.40
12891,SQUEEZE,468,430,430,214.15
12896,SQUEEZE,827,789,789,243.35
12901,SQUEEZE,79,41,41,230.75
12906,SQUEEZE,45,7,7,214.15
12911,SQUEEZE,240,202,202,214.10
12916,SQUEEZE,280,242,242,216.65
12921,SQUEEZE,65,27,27,204.95
12926,SQUEEZE,426,388,388,209.20
12931,SQUEEZE,46,8,8,196.30
12936,SQUEEZE,219,181,181,200.75
12941,SQUEEZE,144,106,106,186.20
12946,SQUEEZE,183,145,145,190.05
12951,SQUEEZE,105,67,67,175.30
12956,SQUEEZE,42,4,4,174.55
12961,SQUEEZE,386,348,348,191.45
12966,SQUEEZE,220,182,182,191.10
12971,SQUEEZE,273,235,235,193.30
12976,SQUEEZE,73,35,35,190.45
12981,SQUEEZE,336,298,298,198.25
12986,SQUEEZE,107,69,69,190.20
12991,SQUEEZE,266,228,228,180.10
12996,SQUEEZE,38,0,0,140.65
13001,RELAX2,79,41,41,140.65
13006,RELAX2,70,32,32,141.90
13011,RELAX2,44,6,6,132.10
13016,RELAX2,70,32,32,121.60
13021,RELAX2,195,157,157,128.10
13026,RELAX2,341,303,303,123.85
13031,RELAX2,440,402,402,143.55
13036,RELAX2,182,144,144,141.70
13041,RELAX2,319,281,281,150.45
13046,RELAX2,64,26,26,144.50
13051,RELAX2,289,251,251,153.70
13056,RELAX2,222,184,184,162.70
13061,RELAX2,238,200,200,155.30
13066,RELAX2,224,186,186,155.50
13071,RELAX2,368,330,330,160.25
13076,RELAX2,75,37,37,160.35
13081,RELAX2,156,118,118,151.35
13086,RELAX2,72,34,34,149.60
13091,RELAX2,365,327,327,154.55
13096,RELAX2,203,165,165,162.80
13101,RELAX2,119,81,81,164.80
13106,RELAX2,299,261,261,176.25
13111,RELAX2,221,183,183,185.10
13116,RELAX2,408,370,370,202.00
13121,RELAX2,344,306,306,209.45
13126,RELAX2,437,399,399,214.25
13131,RELAX2,100,62,62,197.25
13136,RELAX2,358,320,320,206.05
13142,RELAX2,40,2,2,192.10
13147,RELAX2,125,87,87,195.15
13152,RELAX2,521,483,483,206.75
13157,RELAX2,535,497,497,222.40
13162,RELAX2,318,280,280,226.40
13167,RELAX2,106,68,68,220.50
13172,RELAX2,395,357,357,221.85
13177,RELAX2,455,417,417,240.85
13182,RELAX2,543,505,505,260.20
13187,RELAX2,359,321,321,274.55
13192,RELAX2,302,264,264,271.40
13197,RELAX2,127,89,89,267.60
13202,RELAX2,91,53,53,266.20
13207,RELAX2,116,78,78,257.05
13212,RELAX2,66,28,28,249.30
13217,RELAX2,184,146,146,238.10
13222,RELAX2,113,75,75,226.55
13227,RELAX2,95,57,57,209.45
13232,RELAX2,24,-14,14,207.05
13237,RELAX2,315,277,277,204.90
13242,RELAX2,37,-1,1,204.85
13247,RELAX2,587,549,549,227.95
13252,RELAX2,84,46,46,206.10
13257,RELAX2,217,179,179,190.20
13262,RELAX2,153,115,115,181.95
13267,RELAX2,305,267,267,191.90
13272,RELAX2,114,76,76,177.85
13277,RELAX2,324,286,286,171.30
13282,RELAX2,120,82,82,150.15
13287,RELAX2,310,272,272,147.70
13292,RELAX2,199,161,161,142.55
13297,RELAX2,130,92,92,142.70
13302,RELAX2,421,383,383,159.20
13307,RELAX2,38,0,0,155.30
13312,RELAX2,113,75,75,157.65
13317,RELAX2,389,351,351,167.90
13322,RELAX2,116,78,78,168.05
13327,RELAX2,276,238,238,177.10
13332,RELAX2,40,2,2,176.50
13337,RELAX2,39,1,1,162.70
13342,RELAX2,35,-3,3,162.80
13347,RELAX2,63,25,25,136.60
13352,RELAX2,51,13,13,134.95
13357,RELAX2,57,19,19,126.95
13362,RELAX2,38,0,0,121.20
13367,RELAX2,20,-18,18,108.75
13372,RELAX2,86,48,48,107.35
13377,RELAX2,39,1,1,93.10
13382,RELAX2,30,-8,8,89.40
13387,RELAX2,41,3,3,75.95
13392,RELAX2,29,-9,9,68.35
13398,RELAX2,46,8,8,64.15
13403,RELAX2,44,6,6,45.30
13408,RELAX2,25,-13,13,45.95
13413,RELAX2,55,17,17,43.05
13418,RELAX2,32,-6,6,25.80
13423,RELAX2,76,38,38,23.80
13428,RELAX2,18,-20,20,12.90
13433,RELAX2,54,16,16,13.60
13438,RELAX2,47,9,9,14.00
13443,RELAX2,58,20,20,14.85
13448,RELAX2,72,34,34,15.30
13453,RELAX2,68,30,30,16.15
13458,RELAX2,18,-20,20,16.20
13463,RELAX2,52,14,14,16.90
13468,RELAX2,30,-8,8,16.40
13473,RELAX2,65,27,27,15.35
13478,RELAX2,19,-19,19,16.25
13483,RELAX2,27,-11,11,16.40
13488,RELAX2,29,-9,9,16.70
13493,RELAX2,50,12,12,16.85
13498,RELAX2,30,-8,8,16.85
13503,RELAX2,113,75,75,20.30
13508,RELAX2,18,-20,20,20.65
13513,RELAX2,52,14,14,20.50
13518,RELAX2,22,-16,16,21.00
13523,RELAX2,40,2,2,19.20
13528,RELAX2,31,-7,7,18.55
13533,RELAX2,54,16,16,18.55
13538,RELAX2,42,4,4,18.30
13543,RELAX2,36,-2,2,17.40
13548,RELAX2,99,61,61,18.75
13553,RELAX2,88,50,50,19.75
13558,RELAX2,142,104,104,23.95
13563,RELAX2,74,36,36,25.05
13568,RELAX2,134,96,96,29.45
13573,RELAX2,25,-13,13,28.75
13578,RELAX2,51,13,13,28.45
13583,RELAX2,50,12,12,28.50
13588,RELAX2,19,-19,19,29.00
13593,RELAX2,31,-7,7,28.75
13598,RELAX2,21,-17,17,29.20
13603,RELAX2,57,19,19,26.40
13608,RELAX2,27,-11,11,25.95
13613,RELAX2,73,35,35,27.00
13618,RELAX2,64,26,26,27.50
13623,RELAX2,56,18,18,28.30
13628,RELAX2,60,22,22,29.05
13633,RELAX2,36,-2,2,28.35
13638,RELAX2,305,267,267,41.50
13643,RELAX2,135,97,97,46.25
13648,RELAX2,131,93,93,47.85
13654,RELAX2,21,-17,17,46.20
13659,RELAX2,52,14,14,41.70
13664,RELAX2,64,26,26,41.20
13669,RELAX2,35,-3,3,36.55
13674,RELAX2,82,44,44,38.10
13679,RELAX2,59,21,21,38.50
13684,RELAX2,54,16,16,38.70
13689,RELAX2,48,10,10,38.25
13694,RELAX2,56,18,18,38.80
13699,RELAX2,26,-12,12,38.55
13704,RELAX2,83,45,45,39.85
13709,RELAX2,22,-16,16,40.10
13714,RELAX2,28,-10,10,38.85
13719,RELAX2,28,-10,10,38.05
13724,RELAX2,75,37,37,39.00
13729,RELAX2,42,4,4,38.10
13734,RELAX2,62,24,24,39.20
13739,RELAX2,26,-12,12,26.45
13744,RELAX2,49,11,11,22.15
13749,RELAX2,65,27,27,18.85
13754,RELAX2,157,119,119,23.95
13759,RELAX2,92,54,54,25.95
13764,RELAX2,114,76,76,28.45
13769,RELAX2,68,30,30,29.80
13774,RELAX2,62,24,24,28.80
13779,RELAX2,21,-17,17,28.60
13784,RELAX2,160,122,122,33.90
13789,RELAX2,22,-16,16,34.20
13794,RELAX2,37,-1,1,33.35
13799,RELAX2,26,-12,12,33.35
13804,RELAX2,98,60,60,34.10
13809,RELAX2,36,-2,2,33.40
13814,RELAX2,51,13,13,33.55
13819,RELAX2,20,-18,18,33.95
13824,RELAX2,54,16,16,32.90
13829,RELAX2,58,20,20,33.70
13834,RELAX2,59,21,21,33.55
13839,RELAX2,20,-18,18,33.85
13844,RELAX2,78,40,40,35.30
13849,RELAX2,53,15,15,34.70
13854,RELAX2,63,25,25,30.00
13859,RELAX2,51,13,13,27.95
13864,RELAX2,37,-1,1,24.20
13869,RELAX2,32,-6,6,23.00
13874,RELAX2,18,-20,20,22.80
13879,RELAX2,19,-19,19,22.90
13884,RELAX2,88,50,50,19.30
13889,RELAX2,35,-3,3,18.65
13894,RELAX2,68,30,30,20.10
13899,RELAX2,33,-5,5,19.75
13904,RELAX2,56,18,18,17.65
13910,RELAX2,83,45,45,19.80
13915,RELAX2,62,24,24,20.35
13920,RELAX2,23,-15,15,20.20
13925,RELAX2,130,92,92,24.00
13930,RELAX2,24,-14,14,23.70
13935,RELAX2,55,17,17,23.50
13940,RELAX2,75,37,37,24.45
13945,RELAX2,60,22,22,23.55
13950,RELAX2,63,25,25,24.05
13955,RELAX2,58,20,20,23.80
13960,RELAX2,60,22,22,24.25
13965,RELAX2,65,27,27,25.55
13970,RELAX2,71,33,33,26.90
13975,RELAX2,54,16,16,26.70
13980,RELAX2,19,-19,19,26.70
13985,RELAX2,47,9,9,24.65
13990,RELAX2,73,35,35,26.25
13995,RELAX2,51,13,13,25.40
14000,RELAX2,20,-18,18,26.05
14005,RELAX2,68,30,30,26.65
14010,RELAX2,59,21,21,25.45
14015,RELAX2,40,2,2,24.35
14020,RELAX2,26,-12,12,24.20
14025,RELAX2,64,26,26,20.90
14030,RELAX2,64,26,26,21.50
14035,RELAX2,41,3,3,20.80
14040,RELAX2,20,-18,18,19.85
14045,RELAX2,65,27,27,20.10
14050,RELAX2,65,27,27,20.20
14055,RELAX2,50,12,12,19.80
14060,RELAX2,22,-16,16,19.50
14065,RELAX2,60,22,22,19.25
14070,RELAX2,65,27,27,18.95
14075,RELAX2,40,2,2,18.25
14080,RELAX2,21,-17,17,18.15
14085,RELAX2,60,22,22,18.80
14090,RELAX2,70,32,32,18.65
14095,RELAX2,31,-7,7,18.35
14100,RELAX2,21,-17,17,18.30
14105,RELAX2,58,20,20,17.80
14110,RELAX2,60,22,22,17.85
14115,RELAX2,42,4,4,17.95
14120,RELAX2,22,-16,16,18.15
14125,RELAX2,60,22,22,17.95
14130,RELAX2,48,10,10,17.15
14135,RELAX2,45,7,7,17.35
14140,RELAX2,21,-17,17,17.30
14145,RELAX2,52,14,14,16.65
14150,RELAX2,56,18,18,16.20
14155,RELAX2,42,4,4,15.80
14160,RELAX2,27,-11,11,15.55
14166,RELAX2,51,13,13,15.10
14171,RELAX2,60,22,22,14.85
14176,RELAX2,35,-3,3,14.90
14181,RELAX2,30,-8,8,14.45
14186,RELAX2,50,12,12,13.95
14191,RELAX2,71,33,33,14.00
14196,RELAX2,30,-8,8,14.05
14201,RELAX2,43,5,5,13.45
14206,RELAX2,43,5,5,12.70
14211,RELAX2,58,20,20,12.60
14216,RELAX2,27,-11,11,12.95
14221,RELAX2,36,-2,2,12.25
14226,RELAX2,51,13,13,11.80
14231,RELAX2,77,39,39,13.25
14236,RELAX2,27,-11,11,13.45
14241,RELAX2,44,6,6,12.90
14246,RELAX2,35,-3,3,12.35
14251,RELAX2,76,38,38,13.35
14256,RELAX2,47,9,9,13.60
14261,RELAX2,26,-12,12,13.65
14266,RELAX2,44,6,6,13.30
14271,RELAX2,76,38,38,14.10
14276,RELAX2,38,0,0,13.95
14281,RELAX2,34,-4,4,13.75
14286,RELAX2,37,-1,1,13.20
14291,RELAX2,77,39,39,13.50
14296,RELAX2,43,5,5,13.35
14301,RELAX2,26,-12,12,13.70
14306,RELAX2,50,12,12,14.05
14311,RELAX2,74,36,36,14.85
14316,RELAX2,38,0,0,14.30
14321,RELAX2,42,4,4,14.40
14326,RELAX2,46,8,8,14.15
14331,RELAX2,64,26,26,13.50
14336,RELAX2,35,-3,3,13.10
14341,RELAX2,34,-4,4,13.00
14346,RELAX2,53,15,15,13.60
14351,RELAX2,63,25,25,12.95
14356,RELAX2,37,-1,1,12.55
14361,RELAX2,34,-4,4,12.15
14366,RELAX2,45,7,7,12.20
14371,RELAX2,75,37,37,12.15
14376,RELAX2,38,0,0,12.15
14381,RELAX2,25,-13,13,12.60
14386,RELAX2,50,12,12,13.15
14391,RELAX2,74,36,36,13.00
14396,RELAX2,33,-5,5,13.00
14401,RELAX2,26,-12,12,13.00
14406,RELAX2,43,5,5,12.65
14411,RELAX2,72,34,34,12.55
14416,RELAX2,28,-10,10,13.05
14422,RELAX2,45,7,7,13.20
14427,RELAX2,40,2,2,12.90
14432,RELAX2,70,32,32,13.20
14437,RELAX2,29,-9,9,13.50
14442,RELAX2,57,19,19,14.25
14447,RELAX2,23,-15,15,14.25
14452,RELAX2,66,28,28,14.40
14457,RELAX2,25,-13,13,15.00
14462,RELAX2,60,22,22,15.90
14467,RELAX2,37,-1,1,15.60
14472,RELAX2,70,32,32,15.35
14477,RELAX2,29,-9,9,15.80
14482,RELAX2,53,15,15,15.90
14487,RELAX2,30,-8,8,15.70
14492,RELAX2,73,35,35,15.65
14497,RELAX2,26,-12,12,16.00
14502,RELAX2,57,19,19,16.35
14507,RELAX2,37,-1,1,16.15
14512,RELAX2,71,33,33,16.10
14517,RELAX2,36,-2,2,15.70
14522,RELAX2,49,11,11,15.90
14527,RELAX2,29,-9,9,16.25
14532,RELAX2,70,32,32,16.25
14537,RELAX2,24,-14,14,16.50
14542,RELAX2,58,20,20,16.55
14547,RELAX2,20,-18,18,16.70
14552,RELAX2,76,38,38,17.20
14557,RELAX2,33,-5,5,16.80
14562,RELAX2,48,10,10,16.20
14567,RELAX2,32,-6,6,16.45
14572,RELAX2,68,30,30,16.35
14577,RELAX2,26,-12,12,16.50
14582,RELAX2,62,24,24,16.95
14587,RELAX2,21,-17,17,17.40
14592,RELAX2,71,33,33,17.30
14597,RELAX2,29,-9,9,17.15
14602,RELAX2,47,9,9,16.65
14607,RELAX2,36,-2,2,16.70
14612,RELAX2,66,28,28,16.45
14617,RELAX2,25,-13,13,17.00
14622,RELAX2,55,17,17,17.30
14627,RELAX2,22,-16,16,17.65
14632,RELAX2,71,33,33,17.70
14637,RELAX2,33,-5,5,17.25
14642,RELAX2,42,4,4,16.45
14647,RELAX2,36,-2,2,15.65
14652,RELAX2,72,34,34,15.45
14657,RELAX2,33,-5,5,15.45
14662,RELAX2,54,16,16,15.75
14667,RELAX2,26,-12,12,16.05
14672,RELAX2,67,29,29,16.00
14678,RELAX2,26,-12,12,16.00
14683,RELAX2,57,19,19,15.75
14688,RELAX2,20,-18,18,15.80
14693,RELAX2,62,24,24,15.35
14698,RELAX2,24,-14,14,15.60
14703,RELAX2,69,31,31,16.70
14708,RELAX2,23,-15,15,17.35
14713,RELAX2,60,22,22,17.05
14718,RELAX2,24,-14,14,17.10
14723,RELAX2,72,34,34,17.95
14728,RELAX2,18,-20,20,18.15
14733,RELAX2,66,28,28,17.90
14738,RELAX2,19,-19,19,18.60
14743,RELAX2,66,28,28,19.80
14748,RELAX2,18,-20,20,20.70
14753,RELAX2,58,20,20,20.00
14758,RELAX2,21,-17,17,20.60
14763,RELAX2,56,18,18,20.70
14768,RELAX2,19,-19,19,21.05
14773,RELAX2,60,22,22,20.70
14778,RELAX2,26,-12,12,20.70
14783,RELAX2,68,30,30,21.25
14788,RELAX2,19,-19,19,21.30
14793,RELAX2,63,25,25,21.35
14798,RELAX2,21,-17,17,21.50
14803,RELAX2,63,25,25,21.20
14808,RELAX2,19,-19,19,21.40
14813,RELAX2,66,28,28,21.70
14818,RELAX2,23,-15,15,21.75
14823,RELAX2,66,28,28,21.45
14828,RELAX2,20,-18,18,21.35
14833,RELAX2,61,23,23,21.10
14838,RELAX2,19,-19,19,21.10
14843,RELAX2,66,28,28,21.10
14848,RELAX2,21,-17,17,20.95
14853,RELAX2,66,28,28,21.35
14858,RELAX2,23,-15,15,21.25
14863,RELAX2,51,13,13,21.00
14868,RELAX2,18,-20,20,21.05
14873,RELAX2,58,20,20,20.95
14878,RELAX2,21,-17,17,21.20
14883,RELAX2,60,22,22,20.80
14888,RELAX2,25,-13,13,20.50
14893,RELAX2,67,29,29,20.70
14898,RELAX2,26,-12,12,20.45
14903,RELAX2,59,21,21,20.25
14908,RELAX2,18,-20,20,20.30
14913,RELAX2,59,21,21,19.95
14918,RELAX2,19,-19,19,20.15
14923,RELAX2,64,26,26,20.05
14928,RELAX2,20,-18,18,20.05
14934,RELAX2,59,21,21,19.95
14939,RELAX2,20,-18,18,19.90
14944,RELAX2,64,26,26,19.80
14949,RELAX2,35,-3,3,19.10
14954,RELAX2,52,14,14,18.40
14959,RELAX2,18,-20,20,18.65
14964,RELAX2,69,31,31,19.55
14969,RELAX2,43,5,5,18.80
14974,RELAX2,48,10,10,18.30
14979,RELAX2,23,-15,15,18.20
14984,RELAX2,65,27,27,18.45
14989,RELAX2,36,-2,2,17.90
14994,RELAX2,59,21,21,17.50
14999,RELAX2,18,-20,20,17.90
15004,RELAX2,68,30,30,18.35
15009,RELAX2,45,7,7,17.70
15014,RELAX2,47,9,9,17.10
15019,RELAX2,23,-15,15,16.90
15024,RELAX2,69,31,31,17.15
15029,RELAX2,33,-5,5,16.50
15034,RELAX2,51,13,13,16.10
15039,RELAX2,18,-20,20,16.20
15044,RELAX2,72,34,34,16.60
15049,RELAX2,34,-4,4,16.65
15054,RELAX2,52,14,14,16.65
15059,RELAX2,20,-18,18,16.55
15064,RELAX2,62,24,24,16.20
15069,RELAX2,23,-15,15,16.70
15074,RELAX2,58,20,20,17.20
15079,RELAX2,18,-20,20,17.45
15084,RELAX2,66,28,28,17.50
15089,RELAX2,40,2,2,17.50
15094,RELAX2,56,18,18,17.35
15099,RELAX2,19,-19,19,17.30
15104,RELAX2,66,28,28,17.20
15109,RELAX2,27,-11,11,17.40
15114,RELAX2,54,16,16,17.75
15119,RELAX2,18,-20,20,18.00
15124,RELAX2,65,27,27,17.80
15129,RELAX2,38,0,0,17.55
15134,RELAX2,49,11,11,17.45
15139,RELAX2,17,-21,21,17.50
15144,RELAX2,67,29,29,17.25
15149,RELAX2,28,-10,10,17.55
15154,RELAX2,52,14,14,17.55
15159,RELAX2,21,-17,17,17.50
15164,RELAX2,64,26,26,17.60
15169,RELAX2,37,-1,1,16.90
15174,RELAX2,50,12,12,16.50
15179,RELAX2,18,-20,20,16.50
15184,RELAX2,69,31,31,16.65
15190,RELAX2,50,12,12,17.15
15195,RELAX2,48,10,10,16.75
15200,RELAX2,19,-19,19,16.75
15205,RELAX2,68,30,30,16.85
15210,RELAX2,57,19,19,17.25
15215,RELAX2,44,6,6,16.75
15220,RELAX2,21,-17,17,16.60
15225,RELAX2,64,26,26,16.55
15230,RELAX2,61,23,23,17.70
15235,RELAX2,50,12,12,17.75
15240,RELAX2,17,-21,21,17.75
15245,RELAX2,67,29,29,17.75
15250,RELAX2,53,15,15,18.00
15255,RELAX2,46,8,8,17.70
15260,RELAX2,19,-19,19,17.80
15265,RELAX2,61,23,23,17.65
15270,RELAX2,57,19,19,18.55
15275,RELAX2,55,17,17,18.80
15280,RELAX2,19,-19,19,18.75
15285,RELAX2,68,30,30,18.70
15290,RELAX2,55,17,17,18.95
15295,RELAX2,47,9,9,18.90
15300,RELAX2,21,-17,17,18.80
15305,RELAX2,62,24,24,18.50
15310,RELAX2,59,21,21,18.60
15315,RELAX2,50,12,12,18.90
15320,RELAX2,22,-16,16,18.85
15325,RELAX2,67,29,29,19.00
15330,RELAX2,46,8,8,18.25
15335,RELAX2,45,7,7,18.00
15340,RELAX2,20,-18,18,17.85
15345,RELAX2,63,25,25,17.65
15350,RELAX2,55,17,17,17.75
15355,RELAX2,44,6,6,17.65
15360,RELAX2,20,-18,18,17.60
15365,RELAX2,64,26,26,17.75
15370,RELAX2,35,-3,3,16.95
15375,RELAX2,46,8,8,16.50
15380,RELAX2,20,-18,18,16.45
15385,RELAX2,65,27,27,16.30
15390,RELAX2,64,26,26,16.75
15395,RELAX2,43,5,5,16.55
15400,RELAX2,23,-15,15,16.45
15405,RELAX2,66,28,28,16.65
15410,RELAX2,41,3,3,15.75
15415,RELAX2,47,9,9,15.60
15420,RELAX2,19,-19,19,15.75
15425,RELAX2,66,28,28,15.70
15430,RELAX2,56,18,18,16.20
15435,RELAX2,49,11,11,16.40
15440,RELAX2,24,-14,14,16.20
15446,RELAX2,59,21,21,16.00
15451,RELAX2,62,24,24,16.35
15456,RELAX2,42,4,4,16.25
15461,RELAX2,25,-13,13,16.00
15466,RELAX2,58,20,20,15.70
15471,RELAX2,66,28,28,16.95
15476,RELAX2,43,5,5,16.80
15481,RELAX2,35,-3,3,16.05
15486,RELAX2,41,3,3,14.85
15491,RELAX2,60,22,22,14.65
15496,RELAX2,40,2,2,14.50
15501,RELAX2,24,-14,14,14.45
15506,RELAX2,56,18,18,13.95
15511,RELAX2,66,28,28,15.20
15516,RELAX2,35,-3,3,14.90
15521,RELAX2,31,-7,7,14.30
15526,RELAX2,45,7,7,13.25
15531,RELAX2,60,22,22,13.45
15536,RELAX2,39,1,1,12.95
15541,RELAX2,20,-18,18,13.15
15546,RELAX2,53,15,15,12.85
15551,RELAX2,65,27,27,13.00
15556,RELAX2,39,1,1,12.85
15561,RELAX2,29,-9,9,12.65
15566,RELAX2,48,10,10,12.15
15571,RELAX2,75,37,37,12.60
15576,RELAX2,45,7,7,12.70
15581,RELAX2,21,-17,17,13.40
15586,RELAX2,52,14,14,13.95
15591,RELAX2,65,27,27,14.20
15596,RELAX2,39,1,1,14.15
15601,RELAX2,24,-14,14,14.15
15606,RELAX2,52,14,14,13.95
15611,RELAX2,67,29,29,14.00
15616,RELAX2,44,6,6,14.15
15621,RELAX2,24,-14,14,14.50
15626,RELAX2,60,22,22,15.25
15631,RELAX2,63,25,25,15.40
15636,RELAX2,33,-5,5,15.60
15641,RELAX2,30,-8,8,15.10
15646,RELAX2,54,16,16,15.15
15651,RELAX2,68,30,30,15.30
15656,RELAX2,36,-2,2,15.35
15661,RELAX2,24,-14,14,15.60
15666,RELAX2,57,19,19,16.05
15671,RELAX2,61,23,23,15.35
15676,RELAX2,43,5,5,15.25
15681,RELAX2,23,-15,15,15.15
15686,RELAX2,50,12,12,15.05
15691,RELAX2,67,29,29,15.15
15696,RELAX2,35,-3,3,15.25
15702,RELAX2,29,-9,9,15.00
15707,RELAX2,46,8,8,14.70
15712,RELAX2,72,34,34,14.95
15717,RELAX2,31,-7,7,15.00
15722,RELAX2,40,2,2,14.40
15727,RELAX2,39,1,1,13.35
15732,RELAX2,66,28,28,13.50
15737,RELAX2,31,-7,7,13.60
15742,RELAX2,50,12,12,13.80
15747,RELAX2,44,6,6,13.30
15752,RELAX2,68,30,30,13.30
15757,RELAX2,33,-5,5,13.45
15762,RELAX2,38,0,0,12.75
15767,RELAX2,39,1,1,11.85
15772,RELAX2,72,34,34,12.40
15777,RELAX2,30,-8,8,12.55
15782,RELAX2,54,16,16,12.60
15787,RELAX2,46,8,8,12.40
15792,RELAX2,71,33,33,12.60
15797,RELAX2,33,-5,5,12.70
15802,RELAX2,36,-2,2,12.35
15807,RELAX2,41,3,3,12.10
15812,RELAX2,76,38,38,12.30
15817,RELAX2,29,-9,9,12.40
15822,RELAX2,46,8,8,12.70
15827,RELAX2,35,-3,3,12.80
15832,RELAX2,71,33,33,13.05
15837,RELAX2,33,-5,5,12.95
15842,RELAX2,38,0,0,12.35
15847,RELAX2,41,3,3,12.20
15852,RELAX2,73,35,35,12.45
15857,RELAX2,34,-4,4,12.40
15862,RELAX2,49,11,11,12.95
15867,RELAX2,30,-8,8,13.30
15872,RELAX2,75,37,37,13.45
15877,RELAX2,36,-2,2,13.15
15882,RELAX2,37,-1,1,12.40
15887,RELAX2,43,5,5,12.25
15892,RELAX2,71,33,33,12.25
15897,RELAX2,36,-2,2,12.10
15902,RELAX2,45,7,7,12.35
15907,RELAX2,34,-4,4,12.40
15912,RELAX2,68,30,30,12.00
15917,RELAX2,37,-1,1,11.60
15922,RELAX2,34,-4,4,11.40
15927,RELAX2,44,6,6,11.55
15932,RELAX2,74,36,36,11.70
15937,RELAX2,30,-8,8,11.85
15942,RELAX2,46,8,8,12.25
15947,RELAX2,36,-2,2,12.20
15952,RELAX2,72,34,34,12.15
15958,RELAX2,28,-10,10,12.45
15963,RELAX2,54,16,16,12.70
15968,RELAX2,25,-13,13,12.95
15973,RELAX2,65,27,27,12.45
15978,RELAX2,24,-14,14,13.05
15983,RELAX2,64,26,26,14.30
15988,RELAX2,18,-20,20,15.05
15993,RELAX2,61,23,23,14.55
15998,RELAX2,21,-17,17,15.30
16003,RELAX2,53,15,15,15.70
16008,RELAX2,24,-14,14,16.20
16013,RELAX2,63,25,25,15.95
16018,RELAX2,26,-12,12,16.50
16023,RELAX2,58,20,20,17.30
16028,RELAX2,19,-19,19,17.95
16033,RELAX2,58,20,20,17.15
16038,RELAX2,21,-17,17,17.60
16043,RELAX2,47,9,9,17.65
16048,RELAX2,26,-12,12,18.15
16053,RELAX2,64,26,26,17.75
16058,RELAX2,25,-13,13,17.90
16063,RELAX2,61,23,23,18.25
16068,RELAX2,20,-18,18,18.50
16073,RELAX2,62,24,24,18.35
16078,RELAX2,23,-15,15,18.40
16083,RELAX2,72,34,34,18.80
16088,RELAX2,26,-12,12,18.40
16093,RELAX2,70,32,32,18.85
16098,RELAX2,23,-15,15,18.75
16103,RELAX2,50,12,12,18.60
16108,RELAX2,19,-19,19,18.85
16113,RELAX2,67,29,29,19.05
16118,RELAX2,24,-14,14,19.15
16123,RELAX2,62,24,24,19.35
16128,RELAX2,28,-10,10,18.90
16133,RELAX2,70,32,32,19.50
16138,RELAX2,27,-11,11,19.20
16143,RELAX2,54,16,16,19.55
16148,RELAX2,21,-17,17,19.80
16153,RELAX2,64,26,26,19.80
16158,RELAX2,22,-16,16,19.95
16163,RELAX2,62,24,24,20.00
16168,RELAX2,18,-20,20,20.10
16173,RELAX2,70,32,32,20.50
16178,RELAX2,32,-6,6,20.05
16183,RELAX2,49,11,11,18.90
16188,RELAX2,29,-9,9,18.75
16193,RELAX2,66,28,28,18.55
16198,RELAX2,22,-16,16,18.60
16203,RELAX2,60,22,22,19.10
16208,RELAX2,19,-19,19,19.10
16214,RELAX2,61,23,23,18.80
16219,RELAX2,21,-17,17,18.95
16224,RELAX2,66,28,28,19.15
16229,RELAX2,24,-14,14,19.35
16234,RELAX2,56,18,18,18.65
16239,RELAX2,19,-19,19,19.05
16244,RELAX2,65,27,27,19.60
16249,RELAX2,32,-6,6,19.05
16254,RELAX2,51,13,13,18.40
16259,RELAX2,24,-14,14,18.30
16264,RELAX2,64,26,26,18.40
16269,RELAX2,22,-16,16,18.20
16274,RELAX2,51,13,13,17.25
16279,RELAX2,18,-20,20,17.95
16284,RELAX2,64,26,26,18.70
16289,RELAX2,32,-6,6,18.55
16294,RELAX2,53,15,15,17.90
16299,RELAX2,23,-15,15,17.85
16304,RELAX2,67,29,29,18.20
16309,RELAX2,27,-11,11,17.80
16314,RELAX2,55,17,17,17.50
16319,RELAX2,21,-17,17,17.50
16324,RELAX2,63,25,25,17.35
16329,RELAX2,33,-5,5,16.90
16334,RELAX2,53,15,15,16.75
16339,RELAX2,19,-19,19,16.75
16344,RELAX2,67,29,29,16.85
16349,RELAX2,26,-12,12,17.15
16354,RELAX2,56,18,18,17.40
16359,RELAX2,19,-19,19,17.65
16364,RELAX2,60,22,22,17.45
16369,RELAX2,27,-11,11,17.20
16374,RELAX2,55,17,17,17.40
16379,RELAX2,18,-20,20,17.40
16384,RELAX2,65,27,27,17.45
16389,RELAX2,19,-19,19,18.10
16394,RELAX2,59,21,21,18.40
16399,RELAX2,23,-15,15,18.40
16404,RELAX2,64,26,26,18.25
16409,RELAX2,26,-12,12,18.30
16414,RELAX2,55,17,17,18.30
16419,RELAX2,17,-21,21,18.50
16424,RELAX2,66,28,28,18.65
16429,RELAX2,22,-16,16,19.20
16434,RELAX2,61,23,23,19.60
16439,RELAX2,19,-19,19,19.60
16444,RELAX2,66,28,28,19.55
16449,RELAX2,26,-12,12,19.55
16454,RELAX2,57,19,19,19.60
16459,RELAX2,20,-18,18,19.55
16464,RELAX2,66,28,28,19.85
16470,RELAX2,40,2,2,19.40
16475,RELAX2,50,12,12,19.15
16480,RELAX2,18,-20,20,19.15
16485,RELAX2,71,33,33,19.45
16490,RELAX2,42,4,4,18.70
16495,RELAX2,48,10,10,18.15
16500,RELAX2,19,-19,19,18.35
16505,RELAX2,67,29,29,18.50
16510,RELAX2,56,18,18,18.80
16515,RELAX2,50,12,12,18.55
16520,RELAX2,18,-20,20,18.50
16525,RELAX2,68,30,30,18.60
16530,RELAX2,43,5,5,18.05
16535,RELAX2,46,8,8,17.30
16540,RELAX2,19,-19,19,17.30
16545,RELAX2,68,30,30,17.40
16550,RELAX2,53,15,15,17.55
16555,RELAX2,60,22,22,17.70
16560,RELAX2,18,-20,20,17.80
16565,RELAX2,67,29,29,17.85
16570,RELAX2,43,5,5,18.00
16575,RELAX2,49,11,11,17.95
16580,RELAX2,19,-19,19,17.90
16585,RELAX2,67,29,29,17.70
16590,RELAX2,50,12,12,18.10
16595,RELAX2,42,4,4,17.80
16600,RELAX2,20,-18,18,17.75
16605,RELAX2,69,31,31,17.85
16610,RELAX2,47,9,9,17.40
16615,RELAX2,52,14,14,17.50
16620,RELAX2,18,-20,20,17.50
16625,RELAX2,67,29,29,17.45
16630,RELAX2,48,10,10,17.70
16635,RELAX2,44,6,6,17.60
16640,RELAX2,19,-19,19,17.60
16645,RELAX2,67,29,29,17.55
16650,RELAX2,39,1,1,16.85
16655,RELAX2,48,10,10,16.25
16660,RELAX2,18,-20,20,16.25
16665,RELAX2,70,32,32,16.40
16670,RELAX2,40,2,2,16.25
16675,RELAX2,45,7,7,16.05
16680,RELAX2,22,-16,16,15.90
16685,RELAX2,66,28,28,15.85
16690,RELAX2,39,1,1,15.30
16695,RELAX2,50,12,12,15.70
16700,RELAX2,19,-19,19,15.75
16705,RELAX2,72,34,34,15.90
16710,RELAX2,41,3,3,15.60
16715,RELAX2,49,11,11,15.45
16720,RELAX2,18,-20,20,15.45
16726,RELAX2,62,24,24,15.20
16731,RELAX2,61,23,23,15.85
16736,RELAX2,44,6,6,15.85
16741,RELAX2,20,-18,18,15.80
16746,RELAX2,57,19,19,15.30
16751,RELAX2,61,23,23,16.40
16756,RELAX2,38,0,0,15.90
16761,RELAX2,29,-9,9,15.35
16766,RELAX2,51,13,13,14.40
16771,RELAX2,60,22,22,15.40
16776,RELAX2,41,3,3,15.20
16781,RELAX2,22,-16,16,15.20
16786,RELAX2,64,26,26,15.10
16791,RELAX2,56,18,18,15.95
16796,RELAX2,37,-1,1,15.40
16801,RELAX2,24,-14,14,15.15
16806,RELAX2,55,17,17,14.30
16811,RELAX2,59,21,21,15.20
16816,RELAX2,44,6,6,14.95
16821,RELAX2,23,-15,15,14.70
16826,RELAX2,61,23,23,14.65
16831,RELAX2,51,13,13,14.15
16836,RELAX2,42,4,4,14.05
16841,RELAX2,23,-15,15,13.90
16846,RELAX2,58,20,20,13.95
16851,RELAX2,62,24,24,14.00
16856,RELAX2,46,8,8,14.40
16861,RELAX2,21,-17,17,14.80
16866,RELAX2,59,21,21,15.20
16871,RELAX2,59,21,21,15.15
16876,RELAX2,36,-2,2,15.10
16881,RELAX2,25,-13,13,14.95
16886,RELAX2,57,19,19,14.60
16891,RELAX2,64,26,26,15.00
16896,RELAX2,50,12,12,15.55
16901,RELAX2,21,-17,17,15.70
16906,RELAX2,62,24,24,16.05
16911,RELAX2,62,24,24,16.20
16916,RELAX2,45,7,7,16.25
16921,RELAX2,24,-14,14,16.20
16926,RELAX2,54,16,16,15.85
16931,RELAX2,64,26,26,16.50
16936,RELAX2,38,0,0,16.30
16941,RELAX2,19,-19,19,16.50
16946,RELAX2,64,26,26,16.80
16951,RELAX2,56,18,18,16.50
16956,RELAX2,48,10,10,16.60
16961,RELAX2,22,-16,16,16.55
16966,RELAX2,60,22,22,16.60
16971,RELAX2,60,22,22,16.65
16976,RELAX2,40,2,2,16.65
16982,RELAX2,26,-12,12,16.60
16987,RELAX2,56,18,18,16.55
16992,RELAX2,66,28,28,16.65
16997,RELAX2,38,0,0,16.05
17002,RELAX2,31,-7,7,15.55
17007,RELAX2,39,1,1,14.40
17012,RELAX2,69,31,31,14.75
17017,RELAX2,29,-9,9,14.85
17022,RELAX2,41,3,3,14.30
17027,RELAX2,55,17,17,14.35
17032,RELAX2,68,30,30,14.55
17037,RELAX2,38,0,0,14.55
17042,RELAX2,29,-9,9,14.05
17047,RELAX2,48,10,10,13.25
17052,RELAX2,68,30,30,13.85
17057,RELAX2,34,-4,4,13.55
17062,RELAX2,45,7,7,13.10
17067,RELAX2,52,14,14,12.70
17072,RELAX2,66,28,28,13.00
17077,RELAX2,38,0,0,12.90
17082,RELAX2,34,-4,4,12.50
17087,RELAX2,48,10,10,12.10
17092,RELAX2,70,32,32,12.30
17097,RELAX2,33,-5,5,12.55
17102,RELAX2,40,2,2,12.30
17107,RELAX2,37,-1,1,12.30
17112,RELAX2,64,26,26,12.05
17117,RELAX2,45,7,7,11.95
17122,RELAX2,28,-10,10,12.30
17127,RELAX2,49,11,11,12.00
17132,RELAX2,69,31,31,12.05
17137,RELAX2,34,-4,4,12.25
17142,RELAX2,36,-2,2,11.90
17147,RELAX2,40,2,2,11.50
17152,RELAX2,64,26,26,11.30
17157,RELAX2,41,3,3,11.25
17162,RELAX2,26,-12,12,11.50
17167,RELAX2,51,13,13,11.45
17172,RELAX2,71,33,33,11.70
17177,RELAX2,33,-5,5,11.95
17182,RELAX2,36,-2,2,11.85
17187,RELAX2,41,3,3,11.50
17192,RELAX2,69,31,31,11.45
17197,RELAX2,40,2,2,11.30
17202,RELAX2,29,-9,9,11.65
17207,RELAX2,51,13,13,12.25
17212,RELAX2,65,27,27,12.30
17217,RELAX2,34,-4,4,12.15
17222,RELAX2,35,-3,3,11.80
17227,RELAX2,42,4,4,11.45
17232,RELAX2,72,34,34,11.60
17238,RELAX2,36,-2,2,11.50
17243,RELAX2,46,8,8,11.80
17248,RELAX2,34,-4,4,11.90
17253,RELAX2,70,32,32,12.20
17258,RELAX2,31,-7,7,12.40
17263,RELAX2,54,16,16,12.60
17268,RELAX2,25,-13,13,12.60
17273,RELAX2,67,29,29,12.40
17278,RELAX2,23,-15,15,12.90
17283,RELAX2,41,3,3,12.95
17288,RELAX2,40,2,2,12.90
17293,RELAX2,67,29,29,12.80
17298,RELAX2,32,-6,6,13.00
17303,RELAX2,54,16,16,13.35
17308,RELAX2,26,-12,12,13.30
17313,RELAX2,68,30,30,13.45
17318,RELAX2,23,-15,15,14.00
17323,RELAX2,41,3,3,14.00
17328,RELAX2,40,2,2,13.90
17333,RELAX2,84,46,46,14.50
17338,RELAX2,30,-8,8,14.80
17343,RELAX2,49,11,11,14.95
17348,RELAX2,25,-13,13,15.40
17353,RELAX2,65,27,27,15.15
17358,RELAX2,24,-14,14,15.50
17363,RELAX2,55,17,17,15.55
17368,RELAX2,39,1,1,14.95
17373,RELAX2,73,35,35,15.25
17378,RELAX2,26,-12,12,15.10
17383,RELAX2,51,13,13,15.60
17388,RELAX2,30,-8,8,15.90
17393,RELAX2,68,30,30,15.95
17398,RELAX2,27,-11,11,16.20
17403,RELAX2,53,15,15,16.15
17408,RELAX2,43,5,5,15.80
17413,RELAX2,71,33,33,15.95
17418,RELAX2,29,-9,9,15.65
17423,RELAX2,47,9,9,15.95
17428,RELAX2,29,-9,9,16.30
17433,RELAX2,67,29,29,15.45
17438,RELAX2,26,-12,12,15.65
17443,RELAX2,55,17,17,15.95
17448,RELAX2,20,-18,18,16.20
17453,RELAX2,68,30,30,16.35
17458,RELAX2,32,-6,6,15.95
17463,RELAX2,44,6,6,15.40
17468,RELAX2,37,-1,1,15.40
17473,RELAX2,66,28,28,15.05
17478,RELAX2,28,-10,10,14.95
17483,RELAX2,54,16,16,15.10
17488,RELAX2,22,-16,16,15.50
17494,RELAX2,63,25,25,15.25
17499,RELAX2,25,-13,13,15.35
17504,RELAX2,56,18,18,15.50
17509,RELAX2,18,-20,20,16.25
17514,RELAX2,61,23,23,15.75
17519,RELAX2,21,-17,17,16.15
17524,RELAX2,65,27,27,17.05
17529,RELAX2,23,-15,15,17.35
17534,RELAX2,53,15,15,16.65
17539,RELAX2,27,-11,11,16.60
17544,RELAX2,63,25,25,17.00
17549,RELAX2,19,-19,19,17.05
17554,RELAX2,62,24,24,16.75
17559,RELAX2,24,-14,14,17.15
17564,RELAX2,69,31,31,18.40
17569,RELAX2,24,-14,14,19.05
17574,RELAX2,55,17,17,18.50
17579,RELAX2,21,-17,17,18.85
17584,RELAX2,60,22,22,19.15
17589,RELAX2,17,-21,21,19.40
17594,RELAX2,63,25,25,19.40
17599,RELAX2,21,-17,17,19.60
17604,RELAX2,59,21,21,19.75
17609,RELAX2,18,-20,20,19.75
17614,RELAX2,56,18,18,19.50
17619,RELAX2,19,-19,19,19.60
17624,RELAX2,55,17,17,19.10
17629,RELAX2,19,-19,19,19.30
17634,RELAX2,65,27,27,19.90
17639,RELAX2,28,-10,10,19.85
17644,RELAX2,66,28,28,20.00
17649,RELAX2,21,-17,17,19.90
17654,RELAX2,58,20,20,19.70
17659,RELAX2,19,-19,19,19.95
17664,RELAX2,56,18,18,19.30
17669,RELAX2,20,-18,18,19.50
17674,RELAX2,63,25,25,19.90
17679,RELAX2,23,-15,15,19.80
17684,RELAX2,59,21,21,19.75
17689,RELAX2,22,-16,16,19.50
17694,RELAX2,55,17,17,19.10
17699,RELAX2,20,-18,18,19.15
17704,RELAX2,65,27,27,19.45
17709,RELAX2,20,-18,18,19.35
17714,RELAX2,69,31,31,20.00
17719,RELAX2,22,-16,16,19.85
17724,RELAX2,56,18,18,19.90
17729,RELAX2,19,-19,19,19.90
17734,RELAX2,60,22,22,19.65
17739,RELAX2,26,-12,12,19.75
17744,RELAX2,67,29,29,19.80
17750,RELAX2,22,-16,16,19.75
17755,RELAX2,54,16,16,19.55
17760,RELAX2,20,-18,18,19.50
17765,RELAX2,62,24,24,19.80
17770,RELAX2,35,-3,3,19.05
17775,RELAX2,53,15,15,18.55
17780,RELAX2,18,-20,20,18.80
17785,RELAX2,69,31,31,19.30
17790,RELAX2,36,-2,2,18.60
17795,RELAX2,57,19,19,18.70
17800,RELAX2,22,-16,16,18.60
17805,RELAX2,64,26,26,18.55
17810,RELAX2,35,-3,3,17.80
17815,RELAX2,49,11,11,16.80
17820,RELAX2,19,-19,19,16.95
17825,RELAX2,66,28,28,17.45
17830,RELAX2,43,5,5,16.75
17835,RELAX2,55,17,17,16.50
17840,RELAX2,21,-17,17,16.75
17845,RELAX2,63,25,25,16.55
17850,RELAX2,37,-1,1,15.80
17855,RELAX2,47,9,9,15.45
17860,RELAX2,19,-19,19,15.50
17865,RELAX2,69,31,31,15.85
17870,RELAX2,41,3,3,15.85
17875,RELAX2,53,15,15,15.85
17880,RELAX2,20,-18,18,15.75
17885,RELAX2,65,27,27,15.55
17890,RELAX2,30,-8,8,15.85
17895,RELAX2,53,15,15,15.65
17900,RELAX2,18,-20,20,15.85
17905,RELAX2,69,31,31,16.10
17910,RELAX2,44,6,6,16.25
17915,RELAX2,46,8,8,16.10
17920,RELAX2,18,-20,20,16.15
17925,RELAX2,59,21,21,15.80
17930,RELAX2,28,-10,10,16.05
17935,RELAX2,55,17,17,16.05
17940,RELAX2,18,-20,20,16.20
17945,RELAX2,63,25,25,16.20
17950,RELAX2,40,2,2,16.25
17955,RELAX2,50,12,12,16.40
17960,RELAX2,18,-20,20,16.45
17965,RELAX2,62,24,24,16.10
17970,RELAX2,27,-11,11,16.50
17975,RELAX2,55,17,17,16.60
17980,RELAX2,18,-20,20,16.70
17985,RELAX2,67,29,29,16.80
17990,RELAX2,44,6,6,16.70
17995,RELAX2,46,8,8,16.35
